IsolateID,AUG,CAZ,CHL,CIP,CTX,STR,TET,TS
1,18.9,23.6,20.8,25.8,25.3,12.3,18.6,21.2
2,18.22,17.6,19.9,25,26.8,13.8,19.2,20.7
3,16.8,21.6,21.9,30.3,25.9,13.9,6.6,6.6
4,16.4,21,6.6,29.5,25.4,6.6,6.6,18
5,18.4,24.4,20.8,26.7,26.4,6.6,6.6,6.6
6,17.9,24.8,20.6,27.5,25.5,6.6,6.6,6.6
7,19.4,21.7,20.1,25.8,21.6,12.4,17.3,21.9
8,19.8,24.5,20.8,24.7,29.2,13,20.3,20.7
9,18.6,23.5,16.6,24.5,23.6,14.4,6.6,22.6
10,14,18.6,20.8,25.3,20.8,6.6,6.6,6.6
11,16.5,23,21,24,25.6,6.6,6.6,6.6
12,17,18.6,18.3,25.5,23,6.6,6.6,22.4
13,19.2,22,18.3,26.5,23,6.6,17,22.4
14,18.9,20.2,19,26.7,25.7,6.6,6.6,9.4
15,21.6,24,20.6,27.8,26,6.6,6.6,12.5
16,19.6,23.4,21.4,32.6,26.6,15.6,6.6,21.7
17,20.3,23.5,21.2,34.1,27.1,16,6.6,22.5
18,19,25.7,20.2,29.2,26.2,15.3,6.6,21.9
19,15.7,22.6,22.3,29,27.8,6.6,18.7,6.6
20,15,24.7,18.5,27.5,28.3,6.6,20.2,6.6
21,21.6,24.7,22.3,32.2,25.3,6.6,6.6,15.2
22,19.7,22.6,22.4,30.9,23.6,6.6,6.6,15.2
23,22.8,26,20.9,30.7,27.3,14.4,18,23.2
24,17.3,21.5,20.7,26.5,24.2,6.6,19.7,13.3
25,20.3,23.3,21.4,29.7,27.2,16.6,6.6,6.6
26,17.8,21.2,20.4,30.9,22.7,15.9,6.6,6.6
27,18.3,22,21.4,30.7,25.8,15.2,6.6,20.7
28,21.9,28,24,30.4,31.7,6.6,21.5,17
29,18.7,23,20.9,31,27.1,16.1,6.6,23.4
30,21.9,29.2,6.6,30.3,30.6,15.2,6.6,23.8
31,21.6,24.3,21.1,26.9,27.4,14.3,16.5,23
32,16.9,26,21.4,29.5,26.8,17.4,18,24.8
33,16,25,24.1,30,31,6.6,6.6,17.2
34,15.3,25,20.7,29.5,29.5,6.6,6.6,16.2
35,19.3,24.1,20.1,32.6,29.6,17.6,6.6,25.2
36,20.9,25.4,26.6,32.7,29.3,16.3,19.3,26.3
37,20.1,22,20.8,29.5,27.3,6.6,6.6,14.9
38,18.1,22.9,21.6,30.1,25.8,15.2,6.6,21.5
39,17.3,24.5,19.3,30,26.5,15.8,17.9,25.1
40,18.4,24.4,16.7,31.9,25.4,16.3,6.6,22
41,19.1,24.3,21.2,29.7,27.9,17,6.6,23.3
42,15.8,22.7,23.4,30.7,27.2,6.6,6.6,16.1
43,15.9,25,22.5,34.1,28.9,6.6,6.6,17
44,20,24.1,23.7,32.5,29.6,18.1,6.6,24.8
45,19.3,25,21.8,32.9,31.6,16.9,6.6,25.6
46,17.7,25.1,20.7,32.1,34,17.3,18.7,25.1
47,16.5,24.5,20,26.7,28.2,6.6,18.7,6.6
48,21.5,26.9,23.8,31.6,31.6,12.3,6.6,18.2
49,21.9,28.1,23.5,33,33.3,7.6,6.6,19.5
50,19.8,25,21.2,34.5,28.3,16.8,19,25.7
51,19.6,24.1,21.8,31.4,31.6,16.8,6.6,24.5
52,19.9,23.3,20.9,29.3,28.6,17,6.6,25.7
53,19.1,24.3,20.5,30.5,29.2,17.1,6.6,23.8
54,20,26.2,17.4,34.7,29.5,18.4,18.3,25.8
55,17.1,27,22.5,30.1,32.4,6.6,6.6,6.6
56,17.4,25.3,20.4,30.1,32.5,6.6,6.6,6.6
57,16.5,25.7,22.8,29.5,34.2,6.6,6.6,6.6
58,18.3,25.9,20.5,30.5,31.3,16.9,19.6,26
59,19.5,27,21.7,29.1,32.6,16.2,19.2,25.6
60,19,25.4,18.2,30,28.7,16,6.6,6.6
61,18.2,24.4,19.8,31.1,29.1,17.3,6.6,6.6
62,19.7,24.3,23.2,30.2,31,16.9,6.6,22.6
63,20.3,28.4,21.1,30.1,32.1,18.4,6.6,24.1
64,19.9,25.3,21.7,33.3,28.4,16.8,6.6,23.2
65,19.9,28,23.6,30.3,31.4,18.1,6.6,24.7
66,18.7,23.5,21.9,32.4,27.5,17.3,6.6,23
67,18.3,25,20.4,32,29.6,15.9,6.6,21.2
68,17.3,22.3,21.9,28.5,25.8,16,17.1,23.3
69,21.1,23.3,19.1,34.5,26.7,15,17.6,23.6
70,17.8,24.3,23.1,27.6,29.8,16.5,6.6,6.6
71,18.5,25.9,22.5,34.4,29.4,16.9,18,27.1
72,16.2,24.7,19.2,31.4,29.1,18.3,6.6,24.9
73,18,22.5,19.5,28.2,27,15.3,6.6,21.9
74,19.2,23.3,19.8,30.3,28.4,16,19,23
75,18.7,23.2,21,33,27,17.6,6.6,22.7
76,21,23.7,21,30,27.7,6.6,6.6,16.2
77,17.7,23.9,21.2,28.3,26,15.5,16.6,23.5
78,21.6,26.7,23.2,31.5,31.6,18.3,6.6,26.6
79,16.6,25.7,19,29.4,29,17.4,15.9,29.3
80,15.5,25.3,22.5,29.4,31.9,17.7,6.6,24.6
81,19.1,24,20.1,29.1,28.8,16.9,6.6,23.5
82,17,26,20.9,30.1,29.1,6.6,6.6,6.6
83,17.2,26.5,20.6,31,27.9,6.6,6.6,6.6
84,22.1,27.6,22.9,38.7,32.2,6.6,6.6,17.4
85,16.2,26.3,21.4,32.7,31.2,6.6,6.6,6.6
86,19.7,26,21,33.6,28.5,6.6,6.6,18.3
87,17.24,24.2,16.7,26.9,27.9,7.7,6.6,13.7
88,14.8,26.5,20.9,29.8,28,6.6,6.6,16
89,17.9,21.9,18.2,29.3,25.5,13.4,6.6,18.1
90,16.5,21.2,19.5,29.7,24.3,16.5,6.6,19.7
91,18.9,22.2,19.6,30.8,25.1,15.5,17.8,22
92,17.7,22.9,20.8,31,24.6,15.5,18,25.2
93,19,24.5,18.3,29.2,27.2,15.2,15.4,24.8
94,18.7,22.2,20.1,28.7,23.9,6.6,6.6,15.9
95,17.6,23.4,21.3,30.5,29.2,17.3,15.9,23.7
96,21.1,24.7,22.6,29,27.9,6.6,18.9,15.6
97,17.5,24.4,20.9,32.1,28.1,6.6,6.6,6.6
98,16.1,23.6,20.4,32.5,29.4,6.6,17,6.6
99,19.2,24.5,21.8,37.4,29.4,18.6,6.6,27.1
100,18.3,26.4,21.8,34.7,31.7,15.9,6.6,24.7
101,15.6,26.1,6.6,32.7,29,6.6,6.6,20.3
102,18.8,23.7,18.7,32,28,14.3,17.5,22.9
103,20.6,26.9,22,34.9,28.2,6.6,19.8,19.5
104,18.1,24.3,18.4,29.8,26.3,16.7,6.6,24
105,16.9,27.7,6.6,33.2,28.9,6.6,6.6,12.8
106,18.3,23,21.7,27.8,30.1,14.7,16.7,25.5
107,20.8,25.8,22.4,30.3,31,16.2,18,22.1
108,17.6,25.8,24.5,30.7,28.7,15.8,6.6,24.5
109,17.6,22.4,19.2,29.9,25.1,7.8,6.6,15.6
110,19.4,26.5,23.6,31.4,28.7,16,18.4,25.7
111,20.9,28.7,24.6,32.7,31.2,17.2,22.7,27.3
112,16.3,24.7,21.5,32.8,27.6,9.1,6.6,15.2
113,18.8,25.4,20.3,30.6,29,8.7,6.6,14.5
114,19.3,25,23.1,33.8,28.4,16.6,18.6,27.1
115,16,23.2,19.8,29.4,27.7,16.5,6.6,23.3
116,14.7,25.7,19.8,29.4,30.5,16.5,6.6,23.3
117,16.2,27.7,20,35.1,30.4,17.8,6.6,25.8
118,15.6,23.3,21.8,30.2,28.7,6.6,6.6,16.7
119,21.8,26.1,21.7,35.1,31.9,16.7,19.1,25.5
120,16.2,24.9,24.5,28.3,29.2,6.6,6.6,6.6
121,18.9,22.7,21.5,27.6,26.6,6.6,6.6,6.6
122,15.3,24.8,6.6,32.3,29.6,8,6.6,22.2
123,16.2,21.3,6.6,29.7,27.7,7,6.6,20.1
124,19.5,25.2,19.5,31.1,31.3,8.9,6.6,15
125,16.4,27.6,6.6,33.8,32,6.6,6.6,25.3
126,18.1,26.8,20,32.1,32.1,17.1,6.6,15.4
127,16.7,27.2,18.5,31.5,30.2,7.6,6.6,16.1
128,23.8,28.1,23.7,38.4,34.2,17.7,6.6,28.6
129,19.5,30.1,20.6,33.6,34.2,17.7,6.6,14.5
130,20.9,27.2,22,35.3,30.6,15.8,17.6,25
131,20.2,28.6,19.2,33.7,30.4,16,19.7,26.9
132,20.6,25,22.9,27.1,30.5,6.6,6.6,15.2
133,21.6,26.4,23.1,34.8,31.1,6.6,6.6,19.4
134,20.8,23.5,22.6,32.4,28.5,6.6,6.6,18.3
135,21.5,28.1,22.2,35.5,32.9,6.6,6.6,19.9
136,22.9,27,21.7,33.8,32.1,6.6,6.6,19
137,13.6,21.9,17,27.8,27.9,15.6,6.6,23.4
138,19.6,25.4,25.3,29.7,30.8,17.6,6.6,25
139,14.3,23.3,18.3,29,27.3,16.9,6.6,24.3
140,17.2,23.6,20.3,29.7,28.3,16.8,6.6,26.4
141,21.2,26.1,21.2,31.6,30.1,18.4,6.6,27.4
142,19.8,23.7,19.8,26.9,26,17.7,6.6,24.7
143,21.4,27,20.1,31.5,31.1,17.4,6.6,26.6
144,21.8,27.3,19.3,30,30.9,18,6.6,27.1
145,21.4,24.7,23,30.5,30,15.5,19,26.6
146,14.9,27.1,18.6,33.8,32,18.6,19.5,27.1
147,20.1,25.3,20.5,26.5,28.5,16,6.6,22.8
148,21.5,28.7,21.7,29.7,30.9,17.3,6.6,26.1
149,17.5,26.3,19,34.4,29.9,17.1,17.2,25
150,15.4,18,23,30.7,30.7,6.6,6.6,6.6
151,16.3,23.2,21.1,27.2,24.8,6.6,6.6,6.66
152,14.7,24.8,23.3,27.8,28.1,6.6,6.6,6.6
153,18.6,16.2,21,33.7,29.3,17.9,19.8,24.5
154,17.7,26.3,20.5,33.1,29.5,16.5,18,22.1
155,22,26.9,21.8,31.7,30,6.6,6.6,14.5
156,20.3,24.3,21.4,30.7,28.8,6.6,6.6,13.1
157,19,27.1,19.7,31.7,30.8,16.7,19,23
158,18.6,29.4,20,37.3,30.1,16.6,20.7,24
159,19.2,28.7,22,29.1,30.7,17.3,6.6,26.7
160,19.1,25.5,21.7,28,30,17.7,6.6,25.2
161,19.2,25.5,13.2,30.8,28,17.1,17.6,25.1
162,22.2,27.4,24,30.8,31.4,6.6,21.3,17.6
163,20.1,26.3,18.9,28.5,29.4,16.1,6.6,6.6
164,20.3,27.2,20.3,30.2,28.6,17.2,6.6,6.6
165,20.1,27.1,18.6,30.3,31.4,16.9,6.6,6.6
166,21.9,28.4,26.2,31.2,32.4,16.9,21.6,26.8
167,20,26.6,20.8,30,31.7,17.8,6.6,6.6
168,18,26.6,23.3,35.3,30.5,6.6,6.6,6.6
169,17.7,29.7,22.8,35,31.9,6.6,6.6,6.6
170,21.9,28.8,23.3,30.75,29.2,16.15,19.28,19.9
171,24.6,26.9,22.5,31.6,32.9,17.5,21.6,21.3
172,18.7,24.6,25.8,36.9,28.4,8.9,6.6,12.1
173,18.7,25.4,26.4,35.6,27.9,8.4,6.6,13
174,18.6,24.6,26.4,32.6,28.4,9.9,6.6,13
175,21.2,25.4,22.6,31.8,27.6,14.5,19.9,22.6
176,19.7,25.9,23.3,35.4,30.7,8.5,6.6,15.25
177,19,27,22.45,37.4,30.5,8.5,6.6,10.5
178,25,18.6,21.8,35.1,27.9,8.2,6.6,11.4
179,17.7,26.1,23.6,36.9,28.3,6.6,20,6.6
180,18.8,25.1,21.5,34.2,27.3,8.34,6.6,11.4
181,19,26.1,21.9,32.7,19.3,7.65,6.6,12.4
182,17.6,24.1,21.9,33.6,26.6,15.4,18,24.2
183,17.6,21.7,22.2,31.8,25.5,7.9,6.6,12.5
184,16.8,22.6,21.6,33.4,26.5,8.4,6.6,11.8
185,17.64,23,19.4,32.6,26.3,8,6.6,12
186,20.2,25.7,24.6,32.6,27,15.3,16.8,23.5
187,23.5,28.5,23.3,30.7,30.2,13.2,18.7,25.5
188,22,28,25.6,36,32.7,9,6.6,14.9
189,21.5,25.8,22.31,30,31.7,10.4,6.6,12.3
190,22.7,29.3,19.9,32.7,32,10.4,6.6,17.1
191,20.8,26.5,16.35,33.8,30,8.5,6.6,14.62
192,19.6,29.6,19.3,34.7,30.2,10.2,6.6,18.4
193,20.5,27.9,20.3,32.3,30.2,9.8,6.6,15.2
194,21.5,25.3,21.7,32.3,26.7,14.9,19,24.4
195,23.6,25.23,21,33.3,29.6,14.4,19,25
196,18.3,26.3,20.9,35.4,29.7,10,6.6,14
197,17.6,26.8,20.7,36,30.9,8.8,6.6,13.9
198,17.8,27.4,23.8,36.1,29.4,8.9,6.6,11.7
199,24.76,26.7,21.4,32.3,30.3,15.3,19.3,26.8
200,16.8,25.7,21.8,35.4,30.5,9.52,6.6,10
201,18.4,26.7,22.03,34.5,29.8,8.7,6.6,10.4
202,17.6,25.2,23.5,37.1,31.25,11.2,6.6,10.4
203,19.4,28,24.54,35.66,32.8,17.15,18.3,29.96
204,19,25.8,23.1,37.9,30.8,10.9,6.6,12.12
205,18,26.7,23,32.25,25.4,9.8,6.6,12.66
206,20.6,28.2,22.3,33.7,32,8.4,6.6,17.3
207,20.9,28.9,24.2,35.6,32.4,8.8,6.6,18.3
208,21.7,29.2,22.2,34.3,33.8,6.6,6.6,17.8
209,20.4,27.5,21,32.3,28.9,7.9,6.6,16
210,20,27.5,22.7,31.7,32.4,8.9,6.6,13
211,17.4,18.6,20.3,32.5,31.8,6.6,6.6,12.61
212,20,27.2,25,33.2,30.9,9.2,6.6,12.01
213,19.4,27.6,21.2,34.6,30.6,9.4,6.6,12.9
214,19.6,28.6,17.3,30.6,30,16.4,19.2,25.3
215,18.8,26.6,20.1,33.3,32.6,8.2,6.6,11.7
216,22,29.3,22,31.7,33.5,9.1,6.6,13.3
217,19.32,23.8,20.4,31.46,32.3,6.6,6.6,12.2
218,19.8,21.6,20.1,27.2,22.8,15.2,18.7,23.8
219,19.5,22.4,20.3,31,24.5,9.11,6.6,14.3
220,20,22.6,18.6,30.8,24.4,9.3,6.6,12.7
221,18.3,20.7,20.3,32.6,25.3,8,6.6,12.3
222,20,20.1,23,29.8,22,16,19,24.2
223,18,21.3,18.3,31.7,25,6.6,6.6,11.4
224,17.3,20.6,19.6,30.2,21.8,6.6,6.6,13.8
225,19.9,24,20.1,29.6,27.7,6.6,6.6,13.3
226,20.2,25.7,20.5,32.9,26.3,9,6.6,15.8
227,21.2,23.4,22.8,34.5,26.9,15.8,17.3,25.6
228,21,25.8,22.2,40,30,10.3,6.6,18.9
229,19,24,22,33,25.7,8.9,6.6,16
230,20,25.1,22,34.8,28.5,10.8,6.6,17.4
231,19.3,23.6,21.8,29.3,28.8,14,18.1,26.3
232,21,26.2,18.4,31,27.9,12.3,6.6,17.2
233,20,25,21,32.8,27.5,8.8,6.6,13.3
234,19,23.2,18.2,31.9,26.3,11.6,6.6,16.8
235,19.2,23,18.5,29.8,25.8,10.5,6.6,15.73
236,19,24.7,19.5,30.9,28.7,10.6,6.6,15.2
237,21.3,26.3,21.5,30.9,27.2,11.8,6.6,17.6
238,22.5,25.6,22,33.8,29.4,16.7,20.3,27.5
239,22.5,29.3,19.4,30.7,30,17.5,19.9,25.4
240,6.6,17,20.4,36.4,20.7,17,20.3,25.6
241,21.6,22,21,26.8,24.9,16.6,6.6,22.6
242,22,26,20.6,30,30.6,16.7,6.6,25.8
243,20.3,23.6,19.8,29,27.5,16,6.6,26.5
244,20.1,22.5,20.6,28.6,27.4,16.9,6.6,26.6
245,20,27.4,22.3,28.8,29.5,17.5,6.6,25.8
246,20.4,24.7,21.2,29,28.2,18.1,6.6,25
247,21,24,22.5,29.5,30,17.1,6.6,25.6
248,20.5,26.7,23,31,29.8,20,6.6,28
249,19.2,22.4,20.7,28.5,25.8,16.2,6.6,24.5
250,20,23.7,23.4,30.7,26.3,17,6.6,26.4
251,18.8,24,18.6,26.7,24.8,14.5,17.2,26
252,22,23.8,19,27,24.3,15,18.3,24.4
253,21,24.7,23.9,32.7,28.9,18.9,6.6,28.3
254,20.1,23.1,21.1,28.8,27.1,17.3,6.6,23.5
255,18.8,23,23.1,28.8,26.4,15.8,18.3,23.9
256,19.5,23.5,22.1,28.9,27.5,16.6,20.3,26
257,20.5,21.9,23.9,30.3,26.7,18,6.6,26.2
258,19.4,23.2,22.9,32.5,27,17.6,6.6,26.4
259,20,26,22.7,32.4,29.7,18.9,6.6,27.8
260,21.8,23,19.4,28.6,27.7,15.8,20.4,25.8
261,21.8,25.8,21.8,31,27.2,18.4,6.6,27.2
262,21.8,29.9,23.2,33.7,33.2,19,6.6,27.1
263,18.8,21.35,22,28.4,26,17.5,6.6,25.2
264,20.5,21.6,23,28.9,25.5,17.2,6.6,25.3
265,19,21,21,28,27.1,17,6.6,25.6
266,20.6,24,21,29,26,16.6,6.6,24
267,21.6,25,19,29,24.4,15.6,14.9,20
268,21,23.7,18.9,32.9,26.3,15.1,18.5,24.5
269,21.8,27.9,21.4,28.5,29.2,16.3,6.6,24.8
270,20.8,23.4,23.3,32.9,24.2,10.8,6.6,23.6
271,19.3,27,17.6,28,25.7,9.2,6.6,13.9
272,18.4,25.8,19.8,29,27.9,8,6.6,15
273,19.5,26,17.6,29,27.3,8.3,6.6,15.4
274,18.9,25,18.2,29.2,29.3,6.6,6.6,17
275,18.4,23.9,17.2,30,26.5,16.5,14.6,24.5
276,18.9,24.8,17.7,27.8,26,15,15.8,23
277,20,26.2,17.7,29.4,29.3,8.7,6.6,16
278,18.3,28,16.9,30,28.7,6.6,6.6,14.5
279,23.8,28.13,23.5,37.4,32.1,18.4,23,29.3
280,21.3,24,20.9,28.2,25.3,15.7,17.4,25.3
281,18,26.3,17.3,32,28.3,6.6,6.6,12.6
282,15,22.1,19.5,24.7,25,14.4,6.6,21.2
283,18.2,25.2,20,28,26.7,16.2,17.6,28
284,19.9,24.1,20.6,28.3,25,15.5,14,26.4
285,19.5,25.3,16.6,30.1,28.6,6.6,6.6,12.7
286,18.8,24.2,18.3,31,27,6.6,6.6,13.7
287,18.9,27.3,20,29.7,28.3,14.8,16.7,24.7
288,22.5,25.4,22.7,32.7,28.5,16,20.4,27.2
289,19.7,25.2,20.4,30.4,27,7.5,6.6,14.9
290,15,21.03,17.3,24,23.3,13.8,6.6,21.5
291,17.8,22.7,23.1,32,23.3,15.6,16.2,20.8
292,17.6,23.4,19,28.9,27.4,15.8,6.6,23.5
293,19,23.9,19.4,27.3,27.2,15.6,6.6,23.2
294,17.9,25.4,6.6,35,29.3,6.6,6.6,14.6
295,19.8,24.3,19.5,31.2,27.1,16.1,16,24
296,16.9,25.9,17,28.6,27.2,6.6,6.6,11.2
297,23.2,27.6,21.6,31.2,32.2,15.9,6.6,26.7
298,17.7,21.7,17.7,28.6,16.8,6.6,6.6,13
299,20.2,26.2,23.3,31,31.2,11.8,6.6,20.7
300,17,27.4,21.2,35.3,30,16.7,19.6,27.5
301,19.2,25,18.6,30.3,27.9,6.6,6.6,14.9
302,18.2,25.8,17.2,28.7,23.8,6.6,6.6,12
303,20.3,23.3,17.5,29.4,26.6,8.5,6.6,13
304,18.6,21.8,17.9,29,25.5,6.6,6.6,13.2
305,19.6,22.2,16.6,27.7,23.6,6.6,6.6,13
306,20.2,25.4,18.8,29.2,29,11.6,6.6,15.9
307,20.3,23.6,18.4,28.8,29.5,15.3,16.6,24.2
308,19.1,24.3,20.7,29.3,29.2,15,17.9,23
309,19.4,22.8,18.4,27.5,25.6,6.6,6.6,13
310,19,20.3,17.3,25,22.9,15,16.1,21.7
311,20.6,24.8,17.7,29,26.6,15.9,15.2,25.5
312,20.3,24,22,30.1,30.3,15.7,19.2,21
313,21.4,27.2,17.7,31.7,28.5,16.4,17.9,24
314,19.4,25.8,18.7,30.9,27.8,6.6,6.6,12.7
315,19.5,24.1,17.8,28,27.5,7.8,6.6,12.4
316,18.5,23,17.6,25.6,25.3,15,16.6,23.6
317,20.4,26.4,18.5,29,28,6.6,17.6,11
318,19.7,24.2,18.5,29,26.1,6.6,6.6,11
319,19.3,24.3,18,29.5,26.3,9.7,6.6,13.7
320,18.9,23.4,17,28.5,25.6,8.9,6.6,13.5
321,18.4,22.7,17.9,26.5,24,9.4,6.6,13.5
322,21,23,18.2,26.7,25.8,6.6,6.6,6.6
323,18.9,22.8,16,26,25.9,6.6,6.6,12.8
324,17.8,23.9,20.2,36.2,27.4,15.3,18.5,21.3
325,18,24.8,24.3,25.4,29.4,15,16.6,24
326,21.7,23.7,21.7,30.3,27.3,16.5,6.6,24.2
327,20.3,25.3,21.9,27.2,28.8,15.8,6.6,23.4
328,18.2,25.8,24.4,34.3,26.1,14.5,18.3,23.2
329,18.9,27,23.4,35.7,29.3,15,19,26
330,16.7,23.7,22.5,32.3,25.6,6.6,6.6,13
331,17.6,20.2,21.3,31.2,24.4,6.6,6.6,12.2
332,22.2,25.6,23.3,31.3,26.6,15.8,18.6,26.4
333,18.6,23,23.2,32.2,23.9,13.9,16.6,23.7
334,19.4,22.7,16.6,28,24.6,16.13,6.6,15.2
335,18.8,21.6,18.7,26.6,23.3,14.2,6.6,21.2
336,20.5,21.6,18.4,29,28.3,16.4,16.3,23.9
337,20.5,26.5,18.4,28.1,29.2,15.9,16.7,25
338,19.1,24.2,16,24.4,25.5,15.7,18.4,24
339,20.3,25,20.3,27.7,26.7,15,18,23
340,19.7,25.6,19.3,30.6,29.9,6.6,6.6,14.5
341,20.9,27.2,19.8,32.1,29.8,9.5,6.6,16.7
342,18.5,26.9,19.5,30.9,28.5,17.1,18.5,22.1
343,20.2,22.6,18.7,28.9,24.1,13.7,15.3,20.3
344,19.5,22.6,18.8,26.7,25.7,8.3,6.6,13
345,16.4,20.1,18.3,24.2,22.3,15.2,6.6,17.6
346,21.3,28.7,23.2,34,30.9,8.6,6.6,16.4
347,18.6,26.2,17.2,28.7,29.5,16.11,15.5,22.4
348,19.8,25,22.5,30,30.3,6.6,6.6,14.3
349,19.4,25.8,17,29,28.8,6.6,6.6,15
350,19.6,26.3,22.7,28.5,25,15.3,17.3,23.1
351,20.2,22.3,20.5,30.1,26.3,15.2,19.7,24
352,19.2,25.1,16.8,39.6,29.2,6.6,6.6,8.8
353,19.3,26.1,17.4,30.5,28.1,7.5,6.6,9.1
354,22.9,29.3,17,29.2,28.5,18,21.4,26.8
355,21,26.4,20.7,30,28.3,16.7,6.6,24.3
356,19.6,25.5,19.2,31.2,27.6,7.4,6.6,12.4
357,20.2,26.9,18.5,31.2,28.9,9.7,6.6,15.8
358,19.4,23.8,17.8,26.8,24.8,9.3,6.6,13.9
359,19.8,25.1,18,28.6,27.6,9,6.6,15
360,19.7,26.6,19.4,30,29.9,8.7,6.6,13
361,19.7,27.2,19.4,30,28,8.8,6.6,9.5
362,18.3,25.3,20.5,30,27.3,8.25,6.6,12.12
363,17.8,21.4,19.7,27.8,24.9,9.3,6.6,13.4
364,21.5,28.7,19.7,32.7,33.6,7.5,6.6,15.4
365,19.4,23.8,17.9,29.7,24.8,6.6,6.6,12.6
366,21.6,26.9,22.7,32.8,31.7,6.6,6.6,14.5
367,19.2,24.9,18.8,27.2,26.6,15.7,6.6,6.6
368,19,21.3,17.1,27.7,25.9,15.3,6.6,6.6
369,20.2,24.5,18.8,27.4,29,16.1,6.6,6.6
370,14.7,23.4,18.7,26,25.9,15.5,6.6,22.6
371,22.15,27.8,19.9,29.4,30.9,6.6,6.6,15.9
372,15.6,25.3,23.2,27,26,15.3,6.6,23
373,18,23,29.3,31,26.8,13.6,6.6,22.8
374,18,24.2,21.4,23.2,28.6,17.6,16.9,28.6
375,19,26.2,22,31.6,29.3,17.3,17.3,27.3
376,20.3,26.7,18.13,34.8,28.3,7.7,6.6,16
377,18,26.3,17.7,30.1,28.1,7.5,6.6,12.2
378,19,23.8,17.9,29.2,23.6,6.6,6.6,13.1
379,19.4,23.5,16.9,31,24.6,6.6,6.6,11.7
380,21.4,28.3,21,30.8,29.9,8.8,6.6,15.2
381,17.7,25.7,20.7,31.1,24.6,7.9,6.6,11.9
382,18.9,23.2,17,25.9,26.4,9.1,6.6,15
383,20,26.5,17.9,29.2,28.4,8,6.6,14.7
384,19.4,21.5,17.8,28.2,25.7,8.8,6.6,12.4
385,19.2,27.1,19.2,28.6,29,7,6.6,14.2
386,18.7,25.7,22.3,27.2,29,15.2,18.7,24.5
387,19.2,26.8,21,30.5,27.4,17.9,18,28.2
388,19.2,28.6,20.1,30.4,30.6,15.9,6.6,18.3
389,18.6,27.3,18.3,30.7,30.9,16.1,6.6,21.6
390,17.9,24,19,27.2,28.3,15.9,17.3,23.3
391,20,25.6,19.4,28,27.5,17.5,16.5,23
392,22.8,25.5,23.1,30.1,31.7,19.4,6.6,26.3
393,18.1,27.4,20,35,28,6.6,6.6,6.6
394,21,27,18.6,31.5,32.1,8.5,6.6,16.6
395,19.3,24.7,19.1,28.9,27.8,6.6,6.6,13
396,20.3,25.3,18.9,29.7,29.66,10.5,6.6,11.9
397,21.1,27.5,19,32,30.3,9.2,6.6,13.8
398,23.9,26.5,17.5,35.3,31.6,18.6,18.7,26.9
399,19.7,25.5,17.6,27.4,26,6.6,6.6,13.5
400,9.3,16.7,19,29.5,19.8,16,18.2,21.5
401,17.8,26.4,22.6,28.7,29.23,16.8,6.6,25.6
402,18.7,26.3,21.2,30.7,27.5,6.6,6.6,6.6
403,21.8,26.3,17.8,30.3,27.3,16.9,15.4,25.3
404,18.8,26.7,20.7,29.1,28,6.6,6.6,6.6
405,21.7,28,21.1,31.5,29.7,6.6,6.6,6.6
406,23.7,26.9,20.9,32.5,29,6.6,6.6,6.6
407,21.4,27.7,21.3,29.8,29.8,17.5,19.8,27.8
408,19.9,27.4,21.9,28.9,30,16.6,20.2,27.5
409,6.6,18.8,20.6,33.6,22.5,20.1,21.6,27
410,6.6,17.9,20.9,31,20.99,16.3,21,26.6
411,6.6,18.8,20.8,31.5,23.7,17.1,19,26.3
412,6.6,18.5,20.8,31.9,23.5,17.8,20.8,28.7
413,21.1,27.5,20.3,33.1,30.5,6.6,6.6,15
414,21,26.8,20.7,29.6,29.7,8.6,6.6,15.7
415,19.3,27,18.3,29.8,27.8,15.5,19.3,21.1
416,22.2,31.8,17.9,33.7,33.2,17,20.5,27.9
417,6.6,19.7,20.3,31.6,25.1,18.9,21.9,27.8
418,6.6,21,21.5,34.5,24.5,18.7,21.1,26
419,6.6,19.8,21.2,31.6,23.1,18.6,21.5,26.6
420,21.9,31.6,20.1,33.9,34.6,6.6,6.6,15.2
421,21.5,29.4,19.3,32.3,33.2,6.6,6.6,15.4
422,23.3,27.2,20.6,34.1,29,6.6,6.6,18.3
423,23.6,28.3,22.7,36.6,31.1,6.6,6.6,20.9
424,26,31.2,22.9,39.5,36.4,6.6,6.6,19
425,24.1,29.8,22.3,34.1,32.5,6.6,6.6,17.8
426,20.6,23.1,20.6,26.6,27.7,15.1,16,21.6
427,18.7,23.5,18.3,26.3,25.5,8.3,6.6,14.8
428,19.9,24.4,19.2,28.1,26.9,7.6,6.6,10
429,20.1,24,22.1,29.3,29.5,6.6,6.6,10.4
430,19.3,26.8,20.8,35.3,28.6,16,18.4,24
431,19.4,22.7,20,31.2,26.5,15.3,6.6,24
432,16.5,22,19,28.7,25,16,6.6,20.1
433,17.2,22.9,20.3,31.3,24.3,7.9,6.6,13.6
434,18.5,23,18.6,30.8,24.8,6.6,6.6,8.8
435,19.4,24.2,18.8,28.8,26,15.5,6.6,22.8
436,19.9,24,19.6,29.5,26.4,6.6,6.6,14.5
437,18.9,21.9,18.4,29,27.4,6.6,6.6,7.3
438,16.7,24.5,21.4,26.5,26,15.7,15.4,24.5
439,19.5,26.2,20.7,29.2,25,16.5,17.3,23.7
440,19,21.2,19.2,27.1,22.7,6.6,6.6,9.9
441,19.1,19.4,20.5,26.9,23.8,6.6,6.6,11.3
442,20.3,26,18,32.6,28.5,15.6,16.9,23
443,20,25.3,18.9,32.9,29.5,15.8,17.1,24.3
444,19.6,24.9,18.7,30,27.3,6.6,6.6,14.3
445,20.3,24.3,19,29.3,29.2,6.6,6.6,12.9
446,18.7,24,21.5,34.7,29.7,7.6,6.6,12.5
447,19.6,27.3,19.6,33.3,28,6.6,6.6,14.1
448,18.3,25.7,19.4,29.3,28.9,7.4,6.6,13.3
449,19.3,23.5,20.5,34,28.5,6.6,6.6,13.6
450,19.7,25.3,17.7,26.7,26.5,8.9,6.6,11.5
451,19.4,25.6,17.3,27.1,27.7,6.6,6.6,11.3
452,18.7,25.5,18.9,29,28.2,6.6,6.6,14.5
453,19.8,25.4,19.3,29.5,30.3,7.2,6.6,15
454,19.2,22.7,19,30.6,24.6,14.5,15.2,21.3
455,21.8,27.9,23.3,31.7,29.9,16.2,17.9,28.5
456,19.6,28,18.7,32.6,31.9,7.5,6.6,9
457,20.8,27.8,18.6,31.9,29.8,8.8,6.6,13
458,19.4,27.8,20,34.5,29.8,17.9,16.6,26.2
459,19.7,25.8,19,32.9,27.5,15.6,16,22.9
460,18.7,23.6,19,31.9,25.4,7.9,6.6,13.3
461,19.4,25.4,17.8,29.1,28.7,7.8,6.6,12.4
462,17.7,23.7,19,31.1,25.4,15.1,15.7,23.8
463,19.1,23.9,20,28.3,25.7,16.3,17.2,24.4
464,20,24.8,18.3,27.5,28.8,6.6,6.6,13.1
465,20.2,25.2,18.7,30.2,27.8,9.6,6.6,13.5
466,17,22.3,24.4,33.9,24.5,14.9,18,23.1
467,21.4,26.5,23.7,31.5,27.7,6.6,6.6,13
468,21.4,25.8,22.6,30.9,25,6.6,6.6,13.1
469,20.9,26.8,18.3,35.1,29.7,8.2,6.6,10.3
470,17.09,26.5,22.14,33.3,29.3,6.6,19.3,6.6
471,17.6,25.9,23.5,33.4,31.35,6.6,19.13,6.6
472,20.14,25,22,36.7,28.38,17.5,6.6,25.2
473,19.31,26.78,22,34.57,32.4,17,6.6,20.44
474,17.14,26.75,23,34,31,16.75,19.63,24.3
475,16.88,26.6,23.48,35,31.28,6.6,19.28,6.6
476,16.67,27.25,21.2,34.15,30.77,9.34,6.6,15.9
477,18.2,23.55,20.3,36.7,29.3,8.8,6.6,13.7
478,16.8,26.2,20.85,34.2,28,6.6,18.5,6.6
479,16.09,25.9,24,35.48,27.85,6.6,18.79,6.6
480,21.3,19,23.2,34.6,33,19.5,6.6,21.6
481,19.4,26.6,20.4,35.7,30.4,10.3,6.6,16.25
482,16.9,27.5,22.7,36.5,31,6.6,20.2,6.6
483,17.8,28.31,22.7,36.15,33.6,6.6,21,6.6
484,19.43,26.34,21.9,32.8,31.4,17.4,6.6,18.7
485,20.7,25.21,21,32.17,31.67,10.34,6.6,13.4
486,17,26.6,22.8,33.4,28.8,6.6,18.9,6.6
487,24.8,31.9,25.2,36.4,36.3,17,6.6,25.4
488,19.91,30,20.7,32.58,32.77,9.11,6.6,16.6
489,22.6,30.77,23.8,34.88,33.05,17,6.6,23.6
490,17,19.8,23.5,36.9,33.5,6.6,21.13,6.6
491,17.5,28.8,22.1,38.8,32.99,6.6,22.8,6.6
492,23.3,31.55,19.9,35.6,37.14,14.3,6.6,24.4
493,22.4,27.99,23.9,34.7,33.4,17,6.6,24.8
494,17.9,28.11,20.8,32.3,31.8,13.5,18.2,21.4
495,18.64,28.5,20.2,32.25,29.8,9.86,6.6,16.35
496,16.6,28.66,20.38,34.8,30.72,10.58,6.6,19.89
497,19,27.8,20.2,33.14,30.6,11.69,6.6,16.4
498,19.4,25.3,22,35.7,27.5,10.4,6.6,15.39
499,18.43,26.5,22.39,33.6,30,10.17,6.6,15.5
500,19.6,25.6,23.3,36.5,29.3,10,6.6,14.2
501,17,26.73,20.25,36.9,29.32,11,6.6,13.9
502,22.2,29.2,24,37,32.8,17.8,19.45,23.37
503,18,21.2,20.7,30.5,22.2,15.6,18.3,21.7
504,17.2,23.2,21.8,33.5,25.6,6.6,18.6,6.6
505,19.55,29.14,21.4,36.5,30.29,18.8,6.6,20
506,16.6,24.8,20.6,35.4,30.8,15.8,6.6,23.7
507,19.2,27.7,22.4,34.6,31.2,11.24,6.6,17.6
508,18.25,27.5,19.59,33.6,33.9,17,19.2,25
509,19.6,28.8,22.6,37.5,32.8,10.4,6.6,15.4
510,18.8,27,18.77,30.17,30.74,11,6.6,14.39
511,15.6,28.3,22.6,35.7,30,6.6,18,6.6
512,15,25,23.4,35.56,30.4,6.6,18.45,6.6
513,15.87,24.84,20.47,33.56,30.6,9.69,6.6,13.84
514,20.2,27.2,24.4,37.96,32.11,18.17,6.6,26.51
515,15.9,19.6,19.7,30.6,22.8,6.6,17.7,6.6
516,16.3,23.3,19,32.2,23.8,6.6,6.6,6.6
517,13.9,24.7,22,35.4,28.4,6.6,17.7,6.6
518,18.44,28,22.8,37,32.46,10.79,6.6,15.93
519,17,28.35,22.23,37.12,31.58,10.2,6.6,16.08
520,16.87,24.46,20.19,28.57,27.46,9.56,6.6,9.62
521,18.63,26.6,21,34.38,27.7,9.8,6.6,13.11
522,18.28,25.64,19.9,34,28.84,10,6.6,14
523,16.4,25.6,18.48,33.46,19.3,9.56,6.6,11
524,14.6,24.28,21,34.56,28.55,6.6,17.76,6.6
525,15.33,23.7,21.4,35.8,25.4,6.6,15.58,6.6
526,15,23.2,19.12,35.9,24.4,13.3,6.6,22.11
527,20.68,25.9,22.86,36.22,27.69,6.6,6.6,17.22
528,14.3,24.3,19.4,34.08,28.4,6.6,16.7,6.6
529,19.56,24.77,21.08,31.8,27.34,17.4,16.38,28.43
530,17.06,23.48,19.9,35.8,29.4,9.1,6.6,13
531,21.3,26,20.7,37,29.6,25,6.6,15.4
532,21.4,25.5,21.33,33.2,28.9,7.8,6.6,18.6
533,22.3,23.64,21.2,31.66,28.25,15.72,17.8,26.19
534,18.76,25.4,19.4,33.77,28.8,10.45,6.6,13.56
535,19.7,25,21,36.3,27.8,7.4,6.6,17.2
536,19.5,25.3,21,35.9,28.4,10.2,6.6,16.8
537,18.3,24.6,20.6,33.8,29.1,16.5,6.6,17.8
538,17,23.3,20.51,34.93,27.7,11.33,6.6,16
539,18.2,22.7,21.2,34.5,25.44,10.6,6.6,15
540,17.3,24.7,20.2,30,28,15.8,20.6,23.5
541,17.1,23.1,21.1,32.7,26,6.6,17.7,6.6
542,19.8,26,18.9,26,25.9,15.1,19,19.9
543,19.5,24.8,17.6,27.6,23.8,14.8,19.8,18.9
544,19.8,25,17.9,25.6,24,10.5,6.6,10.4
545,21,22.7,16.9,23,24.9,6.6,6.6,9.2
546,18.2,24.5,16.7,27.1,24.7,13.8,17.8,18.7
547,20.5,27.3,20.2,26.7,30.2,15.5,20.6,21.1
548,21,24.22,18.8,22.8,27.2,7.7,6.6,14.6
549,20.8,25.2,16.9,23,25.4,6.6,6.6,9.2
550,19,23.8,18.4,28,25.5,13.2,18,19.3
551,21.8,25.4,18.5,25.6,26.3,15,19.8,19.5
552,21.2,27.4,19.8,27.4,30.8,10.3,6.6,13.4
553,14.6,26.3,19,29.4,28.9,14,6.6,6.6
554,18,21.5,20.4,27.8,25.5,14.6,16.6,21
555,17.5,22.3,18.8,24.2,25.3,14.4,17.3,21.2
556,21.3,25.1,22.3,29,27.3,17.4,6.6,25.4
557,20.6,23.3,21,27.6,32,9,6.6,12.5
558,19.4,25,18.3,27.5,26.6,13,18.6,19.4
559,20.5,22.4,19.6,26,24.8,8.5,6.6,12.2
560,19.4,22,20.2,26,27.5,14.5,6.6,6.6
561,19.2,20.7,18.8,26,23.2,8.8,6.6,11.23
562,21.2,25.7,17.9,36,18.9,15.3,18.8,24.6
563,19,22.2,17,28,25,15,19.5,19.6
564,6.6,18.8,22.3,31,24.4,19.3,22.2,28.5
565,6.6,17,21,28.4,20.2,20.1,20,26.4
566,19.5,22.3,9.5,24,24.2,8.6,6.6,15
567,18.4,24.8,19.1,25.2,25.2,6.6,6.6,14.5
568,19.8,24.5,22,25.6,29.8,13.2,21.3,24
569,20.5,25,20,28,29.9,17,21.5,24.9
570,19.8,24.1,18.4,26.4,27.3,6.6,6.6,15
571,20.2,23,16.6,24,23.5,6.6,6.6,6.6
572,19.9,26.7,18.7,28.9,28.8,13.4,17.7,22
573,20.3,22.7,17.6,26.3,17.7,13.5,16.7,22.2
574,20.3,24.1,19,31.2,26.5,16.3,28.5,22.3
575,21,23.8,16.4,27.2,28.8,16.4,17.2,26.3
576,19.8,24.3,6.6,30.3,26.7,16.2,6.6,28
577,19.4,23.1,16.9,28.2,25.4,9.6,6.6,17.1
578,22.8,25.4,22.4,36,31,16.4,6.6,25
579,23.2,27.2,17,32.6,32,24,6.6,27.8
580,23.8,28.4,22.2,34.6,31.4,15.7,6.6,26.4
581,22.5,28.6,24.6,35,31,16.1,6.6,25.5
582,19.9,23,22.3,29.4,27.7,14.6,18,27.6
583,20.2,25.7,21,33.9,27.9,16.4,6.6,23.4
584,20.3,25.5,22.5,31.1,32.5,14.5,6.6,23.9
585,19.6,23.8,23.5,31.6,25.7,14.08,6.6,24
586,21.4,21,21.6,31.6,24.8,14.7,17.5,25.8
587,21,24.5,21,30.4,28.6,14,17.4,26.7
588,20.5,24.3,23,31.1,28.5,15,6.6,23.7
589,21.3,24.7,22.4,31.2,29.4,15.2,6.6,25.8
590,20.9,25.2,21,30.1,28.4,14.5,16.9,27.6
591,21.7,24.7,21.4,29.7,25,10,6.6,15.8
592,20,24.3,20.8,30,28,15.9,6.6,16.8
593,19.3,22.5,21,33.3,25.7,15,19,27.4
594,19.4,23.6,24,30.7,25.6,15,15.9,26
595,20.5,22.8,20.8,28.7,26.17,16,6.6,22.5
596,20.7,23.1,20.4,29.7,26.7,13.5,6.6,24.5
597,20.4,23.1,22.9,35.1,26.6,17.4,18,25.8
598,20.5,27,24.13,35.9,30.7,17.3,19.2,27.3
599,20.6,25.6,21.4,31.8,27.8,15.2,6.6,24
600,20.7,26.3,23.2,34.5,32.7,15.8,6.6,26.7
601,20.6,26.7,22.7,35,27.7,16.4,18.7,28.2
602,24.2,27.6,22.13,31.8,30,16,6.6,25
603,20.6,24,20.6,31.6,26.6,16.6,6.6,24
604,21.1,21.8,22.7,33,24,16,6.6,26.2
605,22,26.2,23.3,33.5,28.8,17.7,6.6,27.6
606,20.3,23.1,20.5,32.3,25.4,18.3,6.6,25.8
607,21.6,26,23.5,33.9,30.3,18,6.6,24.4
608,19.2,26.6,20.5,35.7,27,9.6,6.6,16.1
609,19.3,24.2,23.6,34.5,27.4,26.8,6.6,16.6
610,20.9,27.4,22.1,32.6,30.6,18,6.6,26.5
611,20.4,26.5,20.9,32.5,29,16.3,6.6,23.4
612,20.9,24.6,23.6,31.5,29.6,16.1,6.6,27.8
613,19.7,19.5,23.6,32.8,29.6,15.6,21.6,25.7
614,18.8,25.32,24.2,33.9,27,16.1,19.5,26.4
615,19.8,24.3,22.9,30.4,28.2,15.2,6.6,21.9
616,21.2,25.5,22.5,30.3,29,16.2,6.6,24.6
617,18.6,28.3,23.6,36,32.6,26.5,21.1,28.6
618,18.1,25.4,24.2,33.7,28.9,19,20.8,25.7
619,18.6,25.3,23,34.5,26.4,6.6,6.6,16
620,17.7,26.1,22.7,35.2,28.8,6.6,6.6,14.18
621,20,26.9,21.7,34,30.5,19,6.6,25.7
622,25.6,20.5,22.6,33,28.8,17.5,6.6,26.6
623,19.7,26.4,22.8,34.2,30.8,16.8,6.6,27.3
624,18.7,25.6,22,34.4,29,15,6.6,25.4
625,18.6,26.2,25.2,36,31.6,17.5,16.7,27.5
626,18.3,24.4,24.2,33.2,28,14.9,16.9,25.7
627,19,23.9,23.1,31.8,25.3,17.3,6.6,24.6
628,19.4,22.4,23.8,32.6,27.8,17.5,6.6,26
629,20.4,23.7,22.8,33.7,28.3,15.7,6.6,25.5
630,22.3,26.8,21.17,31.8,31.7,14.9,6.6,25.3
631,21,23.9,22.7,31.6,28.4,15.6,6.6,26.3
632,21,24,22.9,32.3,29,17.4,6.6,26.4
633,21,29.4,22.6,32.6,28,17.6,20.2,27.5
634,20,24.8,20.5,38.6,28.7,17.4,21.4,22
635,15.4,23.7,18.3,34.6,26.9,8.2,6.6,13
636,15.5,20.66,19.3,32.5,25,8.9,6.6,12.6
637,19.4,23.8,21.2,31.3,25.2,14,6.6,23
638,18,24,20.9,28.8,28.5,14.9,6.6,22.3
639,19,22,21.3,28.4,23.8,16.5,6.6,23
640,17.3,22.8,21.4,28.9,24,14.4,6.6,22.6
641,21,27.4,20.6,30.6,31.2,17,22.1,27.3
642,19.2,24,18.3,32,27.3,14.2,21.3,24.9
643,21.3,24.7,21.3,29.5,28.5,6.6,6.6,6.6
644,23.3,28.9,21.8,32.4,32.8,6.6,6.6,13.6
645,22.2,29.8,21.8,28.9,30,14.4,19,26.5
646,21,26.8,22.6,31.3,32.3,16.6,20.4,27
647,20.8,36.9,17.9,37.4,29.7,15.3,6.6,23.5
648,21.5,26.4,18.4,35.7,29.7,15.7,6.6,22.3
649,22.6,28.5,24,35.2,32.6,19.6,21.5,29.2
650,24,30,21.5,30,31.5,15.5,20.3,27.7
651,23,26.7,19.4,32.6,30.3,6.6,6.6,15.5
652,22.8,27.4,21.4,29.8,30.2,6.6,6.6,17.6
653,20.6,25.6,18.5,30.5,31.8,16.3,20.3,26.5
654,20.7,28.2,22.2,30.9,31.5,15.1,19.2,25.8
655,21.6,25.3,20.3,29.3,29.2,7.4,6.6,9.9
656,20.9,25,20.3,29,26.9,9,6.6,9.4
657,21.3,25.7,21.2,31.2,29.9,16.1,21,24.3
658,20.5,27.1,22.4,33.8,27.8,14.8,23.7,26
659,25.6,36.1,30.4,42.7,43.5,20.7,6.6,33
660,19.5,26.9,21.4,29.1,30,17.1,17.8,27.8
661,25,36.6,27.6,38,39.8,17,6.6,31.1
662,23.9,31.9,25,36.8,34.7,17.2,6.6,27
663,20.5,26.5,24.4,31.2,30,17.4,19.3,27
664,20,26.5,24,35.8,29.8,16.3,20.3,27
665,23.3,29.6,20.3,35.1,32.5,17.1,20.3,30
666,21.3,27.3,19,34,26.3,16.2,15.3,27.4
667,21.4,25.3,21.6,31.3,27.3,6.6,6.6,16.4
668,21.5,25,20,33.4,27,6.6,6.6,15
669,18,30.5,22.1,34,33.2,19,19.7,28.4
670,20.3,28.1,23.7,33.8,32.2,18.8,20.7,30.7
671,20.4,24,21.2,28.9,29,6.6,6.6,10.4
672,21.8,28.2,24,31.3,32.5,7.6,6.6,12.8
673,18.3,26.8,24.4,32,30.3,17.8,20,25.4
674,19.8,23.6,21.5,31.8,26.1,16.2,18.3,22
675,21,25,21.7,27.9,25.8,7.2,6.6,8.5
676,21.5,28.3,23.1,30.8,29,7.8,6.6,13.8
677,20.9,24.4,20.9,31.2,26.7,15.6,16.9,23.9
678,21.4,27.1,20.7,34.9,31.4,17.7,18.1,27.7
679,22.6,28.6,23,30.8,34,7.4,6.6,12.2
680,20.4,26.6,21,30.3,30,16.8,18.8,25.7
681,20.9,27.7,21.3,32,30,17,20.1,30
682,19.1,19.5,23.5,35.5,34.4,16.6,20.2,29.7
683,21.2,27.4,22.7,33,31.8,17,20.1,26.4
684,20.4,28.4,25,34.5,33.7,17,20.8,30.4
685,20.5,29,19.2,31.9,31.7,18,23.8,27.8
686,20.3,29.2,23,35.7,30.3,19.8,6.6,24.9
687,21.2,27.9,22.3,37,30.4,17.3,6.6,23.3
688,18.8,21.4,21.6,28,25,16.7,17.5,24
689,19.8,23.5,22.9,32.3,24.6,17.4,18.8,23
690,18.3,18.8,29.8,27.5,22.1,6.6,6.6,11.3
691,18.7,21.8,22.1,32,22.9,6.6,6.6,15.4
692,17.8,21.6,22.2,27.8,25.3,15.6,19,26.2
693,17.6,22,18.7,27.9,24.5,12.6,16,20.2
694,18.8,20,19.7,26.3,26.6,6.6,6.6,13.1
695,20,23.3,19.9,26.7,25.9,6.6,6.6,12.3
696,16.8,18.2,18.2,28,19.4,14.6,15,22.5
697,16.6,18.5,17.4,26.8,19.5,14.5,14.6,23
698,18.5,22.4,18.3,28.2,26.1,6.6,6.6,15
699,17.7,18.6,17.9,26.8,23.9,6.6,6.6,7.9
700,18.2,18.9,21.1,26.5,21.4,12,18,20.3
701,18,20,21.7,25.6,20.9,13.4,17.3,22
702,17.5,19.6,20.6,29,22.7,15.6,6.6,23.4
703,17.2,18,20.6,29,21.3,16.1,6.6,23.2
704,23.1,30.9,25,33.7,32.6,19,24.2,30
705,20.8,29,24.9,33,32.4,18.4,22.2,29.5
706,20.5,27.8,22.2,32.7,30,10.2,6.6,13.5
707,19.5,26,22.4,31.7,30,6.6,6.6,12.6
708,20,26.7,25.6,37.6,32.2,16.4,20,27.1
709,19.1,27.8,22.5,39.4,33.3,17.6,21.1,25.4
710,20.9,26.8,22.5,32.7,31.4,8.2,6.6,13.4
711,22.6,30.2,23.9,36.6,33.6,11.8,6.6,15.6
712,20.5,26.2,26.7,37.3,29.6,17.6,21.3,27.2
713,18.8,22.6,22,30.7,26.5,15.6,18.5,22.8
714,21.1,28.1,22.3,30.6,30.8,12.5,6.6,13.7
715,20.7,24.7,22.8,32.9,28.6,14.8,21.6,27.1
716,22,28.3,24.1,35.5,32.4,16.5,21,29
717,20.1,27.4,23.4,33.4,30.7,17.5,22.3,28.5
718,26.3,32.3,27.1,40,32.4,19.9,25.1,32.8
719,20,27.4,24.5,36,30.8,16.9,21.2,28.3
720,18.9,24.6,23.5,36.8,27.6,16,18.5,24.2
721,21.1,26,24.4,35.4,31.6,6.6,6.6,14.8
722,22.5,25.1,22.9,33,30,6.6,6.6,14.9
723,21.6,28.2,25.2,34.3,33.4,19,22.3,29.8
724,20.5,25.3,21.3,34.8,33.3,15,20,27.8
725,20,26.3,21.5,33.7,30.7,16.8,19.8,28
726,20.3,24.4,23.9,34.3,30.2,16.3,20.1,28.3
727,21.4,29.6,24.4,32.5,32.7,17.9,22.2,29.4
728,21.3,25.2,21.5,30.9,29.3,15.6,19.2,26.1
729,20.6,26.3,21.3,28.1,28.2,9,6.6,14
730,19.2,24.1,22.3,30,25.7,9.4,6.6,12.7
731,19.3,26.5,23.8,30,29.8,16.1,19.6,23.5
732,19.5,25.5,21.5,28.7,29.3,14.2,21,24.8
733,18.4,23.4,19.3,30.2,25.1,13.5,17.1,21.3
734,19,22.4,19.3,27.2,24.5,13.5,18.4,21.3
735,19.5,24.5,21.9,33.7,26.9,14.4,20.2,26.3
736,20.4,25,24.6,34.6,27.6,15.6,18.3,25.2
737,20.5,23.5,20.4,25.9,25.2,15,18.9,25.5
738,20,21.9,20.9,28,22.9,14.3,18.5,20.4
739,18.9,24.2,19.3,29.8,24.5,15.4,18,21.6
740,18.7,23.6,18.5,28.4,26.6,17.3,19.3,22.3
741,19,22.3,21.9,28.2,26.8,17,18.6,24.9
742,19.6,23.2,20.9,33.8,25,15.3,17.2,26.4
743,21.1,22.5,22.1,30.2,23.4,19.4,18.7,23.5
744,20.4,25,22.4,30.7,26.7,17.8,18.7,23
745,18.3,25.7,19.4,33.3,27.3,19,19.6,22.9
746,19,26.2,22,32.2,29.1,15.2,19.1,23
747,20.9,26,22.2,33.1,31.1,7.7,6.6,11.4
748,20.7,27.8,22.2,30.9,28.6,7.7,6.6,11.5
749,21.2,30,22.9,35.5,32,14.5,30.1,28.3
750,20.9,28.5,22.6,35.1,32.4,14.5,20.3,28.6
751,21,28.6,22.9,33.7,32,6.6,6.6,13.5
752,18.6,25.8,22,32.4,27.9,14.9,18.4,24.1
753,18.6,23.3,22.3,37.3,27.9,14.8,17.2,26.3
754,18.6,23.3,22.3,37.3,27.9,14.8,17.2,26.3
755,20.3,26.1,20.6,28.3,26.7,6.6,6.6,11.46
756,19.2,27.8,24.2,33.9,31.7,18.2,22.3,27.8
757,19.2,25.8,24.3,34.8,28.9,15.5,19.7,24.9
758,22.5,25.8,23,31.2,26.9,26.3,21,24
759,23.6,26.3,24.4,32.6,30.5,16.7,21.2,25
760,20.9,28.6,21.8,31,30.5,6.6,6.6,12.5
761,21,27.8,22.3,30.6,31.8,6.6,6.6,12.3
762,21.6,28.4,21.2,35.6,32.6,15.9,20.4,28
763,22.7,29.1,23.3,30.6,22.8,16.1,22,27.6
764,21.4,26.9,21.7,32.2,29.6,6.6,6.6,11.8
765,19.9,26.9,23.1,35.5,33.8,15.7,18.6,26
766,18.6,22.7,20.3,27.7,24,14.5,19.9,22.5
767,19.4,26.9,23.6,34,30.5,15.6,20.7,28
768,19,27,23.5,32.4,32,15.8,20.7,26.9
769,21,26.8,20.8,31.6,27,6.6,6.6,12.7
770,19.7,24.3,22,31.9,25.3,9.8,6.6,13.4
771,22.8,28.3,21.9,34.6,30.5,17.3,21.1,27.2
772,23,28.7,21,38,30.7,17.3,21.8,26.1
773,20,25.6,21.7,32.9,27.4,10.3,6.6,11.8
774,20,24.6,20.9,30.7,29.2,11.4,6.6,14.7
775,22.3,26.7,22.4,35,30,17.5,20.2,25.3
776,20.8,25.4,24.2,32.7,29.4,18,21.5,27.4
777,19.1,28.7,6.6,31.5,30.8,8.8,6.6,25.7
778,18.2,24.4,6.6,35,28.8,9.6,6.6,22.7
779,20,25,20.9,32.2,27.6,14.5,19.36,25.4
780,21,26.2,21.9,35.7,28,16.8,19.8,26.5
781,19.5,23.9,20.5,28.9,27.5,6.6,6.6,13
782,19.4,24.7,21.7,29.1,28.6,7.5,6.6,13.4
783,23.2,27.8,23.4,30.7,31.2,16.8,20.6,28
784,22.4,25.6,23.5,30.2,30.1,15.2,20.6,27.8
785,20.6,28,20.2,29,31.3,17.3,21.9,28.2
786,21.2,25.6,21.7,33.6,27.4,6.6,6.6,18.2
787,20.5,25.9,20.2,32.5,28.1,7.2,6.6,13
788,22.4,27.4,23.8,33.3,29.9,15.9,19.4,27.7
789,22.2,28.5,21.6,35.7,31.9,15.8,21.9,28.4
790,20,24.2,20.5,32.2,25.7,7.1,6.6,12.9
791,20.9,25.5,21.2,29,27.7,8.3,6.6,13.5
792,20.1,26.5,24.5,27,27.5,16.5,19,26.8
793,19.7,25.4,22.5,28.7,25,15.7,18.6,22
794,17.4,28.3,19.6,26.2,27,17.9,20,23.2
795,20,28.5,19,28,28.2,16.7,19.8,23
796,19.1,23,19.4,26.27,25.6,7.3,6.6,13.3
797,19.9,24.4,20.7,29,28.4,6.6,6.6,14.8
798,18,22.6,18.3,27.1,25.9,11,6.6,12.5
799,20.2,24.9,21.4,30.5,26.4,17.2,17.8,22.6
800,19,23,20.6,30,28.2,15,18.7,26.3
801,20.1,14.5,23,28,29.3,13.8,6.6,22.7
802,19,24.5,21.3,27,28.3,8.7,6.6,13
803,15.3,22.2,19.3,30,24.8,15,6.6,6.6
804,20.6,25,22.8,25.4,25.5,14.7,21.6,25
805,21.6,24.3,19.1,31.2,27,16.4,20.8,23
806,19.5,23.4,20,25.5,26.6,8.5,6.6,12.3
807,19.4,24,20.3,23,25,7.7,6.6,12.1
808,18.3,22.3,15,23.1,25.5,6.6,6.6,6.6
809,19.2,25.8,18.4,26.4,24.4,8.7,6.6,15
810,17.9,22.1,16.9,23.1,23.1,6.6,6.6,14
811,18.9,23,17,25.1,21.9,7.2,6.6,13.9
812,15.5,21.4,17.4,27.8,23.8,6.6,15.4,6.6
813,20,23,19.6,30.9,27.5,15.6,6.6,25.2
814,21,25.8,22,29,26,14.2,6.6,22.8
815,18.9,28,18.7,27.6,29.3,6.6,6.6,14.2
816,20.8,22.3,18.5,26.4,26.8,6.6,6.6,18
817,20.2,22.3,18.5,28.5,28,6.6,6.6,16.9
818,6.6,17.8,21,27.7,23.9,18.8,20.6,25.3
819,6.6,17.7,20.6,29.2,21.2,18.9,20.6,25.5
820,20.7,22,21.3,26.7,25.2,6.6,6.6,16
821,20,25.9,20,26.5,27.7,8.7,6.6,17
822,17.4,21.3,21.3,26,25,14.1,16.8,22
823,19,21.6,20,25.5,22.2,14.8,18,21.6
824,22.9,30.4,22.8,37.6,30.1,17.2,22.6,26.6
825,21.2,27.3,22.8,36,29.4,18.6,21.6,29.6
826,21.2,28,24.9,38.5,30.1,18.3,22.1,29.9
827,19.7,25.5,24,32.2,28.3,18.3,21.2,28.4
828,20.7,27.4,24.7,25.3,29.5,15.9,19.3,27.5
829,21,27.1,22.2,29.5,32.2,16.2,20.9,27.9
830,20.6,24.8,23.5,33.2,25.7,15.6,6.6,26.4
831,20.3,26.2,22.4,30.9,28.7,16.1,6.6,26.2
832,19.6,24.2,22.5,31.8,27.6,16.5,19,27.3
833,20.3,25.9,22.1,29.4,28.5,16.3,20.4,28
834,19.1,24,21.4,31.2,27.4,15.7,19,25.2
835,18.8,24.6,19.6,33.2,28.2,15.9,17.6,28.6
836,17.7,22.6,22.2,28,27.4,6.6,6.6,6.6
837,18.3,25.6,22.3,28.5,29.7,6.6,6.6,6.6
838,20.7,28.3,25,33.5,32.6,18,22.9,28.2
839,18.2,25.5,25,33.5,27,18,17.4,28.2
840,20.5,26.4,20.9,36.4,28.5,15.4,16.1,26.2
841,22.4,24.8,22.4,30.9,30.7,16.8,18.2,25.2
842,17,25.2,23.8,31.5,28.7,6.6,6.6,6.6
843,17,24,23.3,27.8,17.8,6.6,6.6,6.6
844,19.9,24.7,18.5,29.1,27.8,14.6,18,23.7
845,18.1,24.9,22.1,30,30.9,17.8,17.9,25.5
846,19.6,23.8,20.4,30,26.6,16,20,24.5
847,18.2,24.4,19.8,29.4,26,15.4,18.6,22.3
848,17.1,23.8,22.1,27.8,26.4,6.6,6.6,6.6
849,16.2,25.7,21.5,27.5,26.4,6.6,6.6,6.6
850,18.9,24.9,21.3,33,25.7,16.5,19.5,25.6
851,20.4,27.5,28.2,38.4,30.6,19.2,21.6,29.5
852,21.9,27.4,22.4,33.7,30.7,15.7,20.5,25.2
853,20,23.6,22.1,32.4,27.4,16.6,20.3,27.7
854,19.2,22.8,24.7,31.5,25.8,16,17.7,26.6
855,18.4,23.7,23.3,30.1,25.9,15.7,19.2,25.6
856,21.1,26.1,24.6,30.8,29.8,20.7,21.6,28.8
857,18.3,25,21.3,32.4,26.1,15.8,17.9,25.5
858,21,27,23.8,37.4,31.5,18.5,19.8,28.5
859,17.8,26.6,23.6,30.7,31.3,18.8,21.1,27.2
860,19.4,26.3,22.5,30.1,29.5,15.1,21.1,24.3
861,20,25.4,20.2,28.7,29,15.4,19.9,27.1
862,20.7,24.7,22.1,29.7,29.9,14.2,21,27.2
863,20.8,25.2,21.2,32,27,15.5,19.3,24.2
864,21.4,26.4,20.6,30.3,28.7,19.6,19.7,26.6
865,21.3,25.4,20.6,29.4,27,19.4,19.6,26.3
866,15.7,24.7,21.5,27.5,27.8,6.6,6.6,6.6
867,17.8,25.4,22.9,27.9,27.4,6.6,6.6,6.6
868,22,28.2,21.8,29,30.3,18.1,20,27.8
869,20.5,26.6,20.9,31.2,30.4,17.5,18.4,26.8
870,17.4,25.1,24.3,27.8,27.8,6.6,6.6,6.6
871,20.6,26.6,23.5,37.5,31,20.2,20.3,31.1
872,21,27,20.8,33.5,30.8,17.8,21,28.2
873,19.5,25.2,21.3,29.9,28.6,14.7,18.9,25.6
874,17.1,26.1,20.6,29.5,27.2,15.5,18.5,25.7
875,22.9,26.5,23.5,36.6,31.2,17.1,20.9,31.4
876,20.7,26.2,24.3,36.4,27.6,19,19,30.2
877,18.6,25.9,19.2,26.4,28.6,17.4,18.3,23.8
878,19.4,24.2,21.1,31.3,25.2,17.5,16.9,22.4
879,21.8,27.1,22.9,37.5,29.8,18,20.8,24.6
880,21.7,27.5,21.4,28.8,31.2,17.3,20,27.2
881,20,28.1,19,33.9,28.9,17.6,18.9,27.7
882,19.5,25.4,19.5,32.5,29.4,16.1,19.5,26.2
883,20.7,26.1,21,30.7,30.5,16.3,19,28.9
884,18.1,26.5,21.3,30.3,30.9,16.2,20.3,28.1
885,16.8,21.9,21.6,25.9,25.2,6.6,6.6,6.6
886,17.5,23.5,22.8,28.8,25,6.6,6.6,6.6
887,20.1,23.8,22.2,26.8,28.1,15.3,19,25.3
888,19.3,24.1,21.2,28.9,27.2,16,18.2,25.7
889,17.8,22.8,22.2,25.3,25,6.6,6.6,6.6
890,17.9,23.3,21.9,26.3,24.8,6.6,6.6,6.6
891,20.3,25.2,20.2,32.7,27.2,16.4,18.3,27.6
892,20.8,27.8,23.4,33.2,28.8,17.1,18.8,28
893,24,31.2,23,39,33.7,17,22.8,30.5
894,25.7,32,21.3,37.1,36.4,16.9,23.5,30.4
895,20,24.5,20.4,28.1,27.6,15.3,20,23.1
896,19.8,23,22.5,30.2,27.2,16.3,19,24.7
897,18,24,21.5,29.4,27.6,15,19.8,24
898,19.6,26.7,21.8,31.9,30.5,17.2,18.2,27.3
899,20.2,27.1,20.5,26.3,29.6,15,21.4,23.8
900,20.7,25.8,22.2,31.8,28.5,16.4,19,24.8
901,17.5,25,22,29.8,28,16.5,20.9,27.1
902,18.9,25.7,20.2,28.8,26.8,16,20.5,28
903,19.6,25.8,22.3,32.2,28.5,17,19,26.7
904,20.2,24.4,21.6,34.8,29.6,16.3,19.5,25.5
905,20.24,26.5,21.9,34.6,20.7,16,20,25.5
906,23.3,26.6,23,29.1,28.9,17,20.1,26
907,20.9,17.3,23.9,36.8,30,16.9,21.4,26.2
908,21.7,23,21.3,36,28.9,15.8,20.8,26.3
909,18.4,25,18.6,36,25.7,19.4,20.9,27.6
910,19.2,24.7,23.1,28.8,26.8,18.4,19,26.8
911,19.6,24.3,20,36,27.2,17,19.2,25
912,20.5,25,22,30.8,25.7,19,18.5,23.2
913,20,25.6,21.2,32.8,28.3,17,18.1,24.6
914,21.3,25.5,22,33.6,28.7,17.5,21.2,27
915,20.4,26,20.8,30.1,28.1,16.4,20.5,25.9
916,20,26.3,23,33,27.9,16.2,19.6,26.8
917,19.4,24,25,33.4,24.5,14.4,18.3,25
918,20.6,27.7,21.4,32,30.2,17.4,22.3,25
919,19,22.4,20.6,33.5,24.5,14.2,18.3,24
920,19.1,24.3,21.4,29.9,27.2,15.4,16.9,24.8
921,19.5,21.5,18.7,31.2,24.2,14,16.2,22.6
922,20.6,25.4,22.6,30.3,24.6,14.6,17.7,25.7
923,19.7,24.3,23.8,32.4,24.7,14.8,18.34,25.3
924,20.2,24.9,22.9,28.9,25.5,17.4,18,25.5
925,20.14,25.3,21.2,31.9,25,13.8,18,24
926,23.1,25.4,23.4,34.45,30,17.2,19.6,25.8
927,11.9,20,18.8,30.4,24.18,10.4,6.6,22.6
928,13,22.7,20,33.7,24.7,9.8,6.6,22.8
929,19.5,23.7,21.2,33.8,26.6,16.6,17.4,24.8
930,19.8,23.8,19.9,33.6,27,15.3,18.1,23.7
931,16.8,21.3,19.8,32.1,26.1,12.7,18.8,20
932,19,20.3,18.9,32.8,25.6,14.8,15,22.4
933,18.3,21,22,30.2,23.6,15.8,16.12,25.8
934,20.6,24.6,22.3,34,26,18.7,19.4,27.2
935,17.6,22.3,19,32.2,23.8,16.4,17.2,27.4
936,18.16,21,19.5,33.1,24,15.3,16.2,17.2
937,22.7,29.6,23.5,35.5,33.7,17.4,20.4,27.6
938,17.3,20.2,20,27.5,26,14.2,17,23.2
939,22,23.3,22.5,29.2,30,16.2,20,25.4
940,22.8,26,20.8,28.7,28.5,17.3,18.5,24.5
941,21.2,25.2,20.8,28.2,28.3,15.2,6.6,26
942,21.9,28.5,23.14,32.8,31.8,15.4,6.6,25.9
943,19.6,27.8,20.7,28.8,30,16.4,20.3,26.6
944,20.8,25.9,20.6,33.1,30.4,17.2,21.2,26.8
945,20.4,24.6,22.9,27.2,27.6,15.5,6.6,26
946,20.3,24.5,20.6,28.3,26,15,6.6,25
947,21.7,24.4,20,26.7,25.6,15.6,18,25.5
948,19,26.7,21.6,35.5,31.4,18.4,19.5,28
949,22.5,27.9,22.2,30,33.5,16.3,6.6,27.8
950,18.7,21.3,22.3,26.2,25.3,14.8,6.6,24.5
951,17.1,20.9,25,33.7,22.4,16.5,12.5,27.5
952,21.1,22.9,17.4,35.2,26.3,24.8,16.8,27.8
953,18,19.3,21.1,27.3,26.4,7.6,6.6,22.8
954,24.4,32.5,26.8,38,35.3,15.8,6.6,27.8
955,23.8,27.3,21.6,30.4,27.6,17,18,23.4
956,17.5,26,21.4,32,28.3,17.5,19.4,25.3
957,19.4,26.7,21.9,32.9,26.5,11.8,6.6,26.43
958,22.5,32.4,25.2,34.2,34.8,15.4,6.6,26.5
959,17.2,25.7,20.4,27.7,26.7,15.9,21.7,26.7
960,22.8,27,23,31.5,28.4,18.4,20.9,27.2
961,21.1,24.2,21.3,28.7,24.8,15,6.6,27.9
962,18.3,22.7,21.2,26.6,26.7,15.4,6.6,6.6
963,20.2,28.8,17.9,33.3,30.6,16.4,19.6,27
964,20.5,26.6,20.6,31.8,29.4,15.5,17,25.2
965,19,23.3,20.9,28.3,27.1,16.3,6.6,23.8
966,21.3,28.3,22,29.6,32,19.6,6.6,27.2
967,17.7,22.4,21.6,27,25.5,15.9,16.5,22.3
968,19.5,21.2,20.2,27.8,23.2,15.2,18.6,23.6
969,19,25.8,20.8,32.7,26.5,15,19.4,26.1
970,20.3,25,20.4,33,29.8,15.5,17.8,26.9
971,16.7,23,21.2,26.5,25.1,6.6,6.6,6.6
972,21,25.1,18.2,29.8,29.3,18.4,18.8,24
973,20.6,23.3,24.4,28.2,25.6,16,18.7,25.4
974,17.3,25.6,23.4,29.2,26.7,6.6,6.6,6.6
975,18,25,19.7,27.6,26.1,15.9,19,23.6
976,22.2,24.6,21.7,28,28.2,15.9,17.5,23.7
977,14.3,23.9,22,24.7,24.3,6.6,6.6,6.6
978,20.5,24.5,20.8,27.6,28.5,6.6,6.6,16.4
979,19.3,28.4,20.4,31.1,31,16.2,20.5,26.9
980,21.4,28.4,24.6,35.6,30.4,18.5,20,28.7
981,17.7,21.7,22.4,31.8,26.1,15.2,18.6,23.4
982,19,23.5,20.5,33.6,25.9,16.4,18,22.8
983,19.1,25.8,21.4,30.5,29.2,17.3,6.6,23.7
984,20.8,26.4,21.5,31.6,29.1,17.4,6.6,24.7
985,20.7,22.5,19.4,33.1,29.1,16.4,18.9,25.6
986,20.9,26.6,18.9,33.5,24.4,26.2,18,16.4
987,19.8,27.3,22,28.9,28.5,18.5,17.3,27.8
988,22,23.7,24.3,31.5,31.7,17.4,20.9,26.5
989,20.3,27.9,23.5,34.4,32.8,9.1,6.6,15.1
990,18.5,26.6,23,30.9,28.6,8,6.6,14.4
991,20.7,25.6,22.1,36.6,29,16.6,22,25.3
992,21.4,24.8,22.4,29.8,29.1,13.9,18.7,23.4
993,21.8,26.9,25,29.2,29.5,15.9,19,25.5
994,21.6,25.1,23.3,29.4,28.3,15.3,22.4,25.4
995,19.7,25,23.3,28.9,29.3,15.5,20.1,26.6
996,17.9,24,21,28.6,27.3,14.8,18.8,24.4
997,18,20.9,18.6,25.7,25,14.4,16.4,22.5
998,19.2,26.3,19.1,27,24.2,14.9,19.3,23.8
999,19.1,20.4,21.7,27.6,23.2,14.9,17,25.9
1000,20.6,26.7,25.3,32.8,28.8,17.4,20.3,27.4
1001,20.9,25.5,22.3,29.5,27.7,15.8,19.8,25
1002,19.6,25.7,20.7,30.5,27.3,15.7,20.1,26.6
1003,18,23.6,19.5,25.4,27.7,7,6.6,12.1
1004,19.3,22.6,21.2,25.3,26.9,7,6.6,14.3
1005,18.1,25,20.6,27.8,26.9,13.7,19.1,26.2
1006,18.4,21.4,20.2,27.4,24.7,13.8,18.6,25
1007,17.6,21.9,20,27.8,26.9,14.9,17.2,23.2
1008,16.5,22.5,20,26.2,24.5,14.5,15.8,23.4
1009,21.5,28.1,20.5,32,31.7,14.8,20.5,25.2
1010,20.9,27,19.6,30.7,32.2,16.6,18.3,25.1
1011,17.1,22,19.4,31.4,25.8,16.4,18.4,23.1
1012,18,24.8,18.9,31.4,31.6,10.8,20.5,21.9
1013,19.9,25.8,23.3,33.1,30.4,17.9,19.2,29.8
1014,18.9,23.8,20.9,27.9,27,18.2,19.5,26.7
1015,18.5,25.3,22.2,28.4,27.5,16.4,17.3,27.4
1016,19.7,21.8,19,32,25.4,14.9,17.3,26.2
1017,20.6,25.8,18.7,30.2,27.9,15.8,18.8,28.1
1018,19.5,24.7,21.3,28.9,29.3,15,20.2,26.8
1019,21.7,25,20.6,33.8,26.7,17.1,19,26.7
1020,16.8,22.4,17.4,23.5,26.7,15.3,17.1,24.6
1021,16.7,21.7,21,25,26.1,6.6,6.6,6.6
1022,14.8,19.4,21.2,23.1,24.2,6.6,6.6,6.6
1023,19.6,25.4,22.1,30.8,28.2,17.2,17.3,28
1024,19.2,24.5,19.2,26.5,26,15.8,18.4,23.7
1025,19.5,24.3,20.6,27.2,26.9,15.4,6.6,25.9
1026,20.2,25.3,20.9,28.9,28.4,15.1,6.6,25.3
1027,17.1,24.1,20.8,27.8,27,16.6,19.1,23
1028,16.6,20.9,18.6,26.6,24,15.1,17.9,21.4
1029,19.7,24,21.5,29.6,27.4,15.6,18.3,26.6
1030,19.8,26.2,19.5,30.7,27.9,15.6,19.4,25
1031,19,24.1,15.2,28,27.9,15,18.6,20.2
1032,15.9,20.7,21.1,26,23.1,14,15.5,23.6
1033,23.7,26.02,23.5,35.5,29.1,17.5,18.6,25.6
1034,19.5,26.2,21,32.4,28.8,17,18.5,26.1
1035,16.9,20.8,18.2,24.8,23.5,16.5,15.3,20.8
1036,19.1,24.9,20.1,26.6,27.8,15.9,17.3,23.4
1037,29.4,22.5,21.2,29.6,28.2,15,17.5,26.9
1038,17.4,20,20.3,29.5,22,15.8,17.5,25.1
1039,19.4,24.7,22.3,30.5,26,18,20,26.2
1040,21.1,26,24.1,31.5,30.9,18.8,22.2,28.7
1041,17.7,24.3,18.1,35.5,29,15.8,18.7,25.7
1042,16.7,20.5,19.3,36.6,22.1,15.4,18.5,25.3
1043,18.5,24.1,21,30,24.5,15,20.6,25
1044,16.9,21.9,18,32.4,24.5,15.8,18.2,23
1045,19.5,23.5,19.3,31.7,24.9,15.9,17.8,24.1
1046,19.1,21.1,19.5,31.7,23.5,15,17.3,24.1
1047,19,24.3,19.4,33.1,27.5,17.6,19.2,25.1
1048,18.3,23.5,22,30.2,26.5,17,18.6,25.5
1049,20.8,23.8,24.7,34.1,27.9,18.7,19.1,28.3
1050,18.7,24.3,21.8,30,29.4,15.8,17.7,25.5
1051,22.8,25.9,22.5,32,25.8,16.7,18.8,25.1
1052,22,24.2,21,34,27.6,16.3,17.8,23
1053,22.5,29.2,21.6,36,30.5,18.4,20.5,27.4
1054,21.1,25.6,22,39,26.6,17.1,19.1,25.4
1055,20.8,27.2,22,35.5,29.6,17.4,19,27
1056,19.9,25.2,20,32.2,26.1,16.9,18.5,23.4
1057,13.5,26.5,20.1,28.7,32.1,14.2,6.6,6.6
1058,13.2,24.7,19,27.3,26.4,15.8,6.6,6.6
1059,19.6,26.7,19.9,30,29.3,18,18.8,22.4
1060,21.8,25.1,23.6,38.8,26.9,17.2,20,25.5
1061,13.4,26.3,18.6,29.5,29.1,14.3,6.6,6.6
1062,12.7,24.6,19.5,29.8,27.2,14.9,6.6,6.6
1063,21.2,27.8,25.5,32.2,31,15,20.7,26.1
1064,13.3,21.7,20.5,27.7,24,14.8,6.6,6.6
1065,13.9,26.5,21,28.8,31.1,14.9,6.6,6.6
1066,13,22.4,20,28.4,27,14.5,6.6,6.6
1067,19.1,22.9,19.6,31.9,26.4,14.6,16.5,22.8
1068,11.4,20.8,18.1,27.3,21.7,14.3,6.6,6.6
1069,13,22.4,20,28.4,27,14.5,6.6,6.6
1070,12.3,23.3,20.7,26,27.1,13.9,6.6,6.6
1071,20,24.6,20.2,34.5,27.2,16.6,18.7,23.8
1072,21.1,25.5,19.5,30.4,27.2,17.3,19,23.5
1073,18.1,22.8,20.6,27.8,25.5,16.8,17.3,24.3
1074,17.8,24.5,18.7,27.8,25.7,16.6,19.1,24.1
1075,19.5,23.9,21.3,27.5,27.1,15.1,19.5,24
1076,12.9,21.8,20.1,29.3,24.9,14.2,6.6,6.6
1077,19,22.3,20.4,26.7,26.5,15.8,6.6,24.1
1078,14.2,22.1,21.4,32.3,29.2,15.1,6.6,6.6
1079,18.3,27,19.8,28.6,31.2,18.9,20.3,25.3
1080,20,23.5,21.4,29.1,27.8,18.6,22,25.4
1081,19.4,24.5,22.7,30.8,29.5,18,23.8,27.1
1082,18.5,24.9,20.8,28.6,26.3,17.1,22.2,24.6
1083,19.9,24.2,18.9,27.7,28.3,15.6,18.2,24.4
1084,19,23.4,22.1,32.4,27.7,17.8,20.8,27.8
1085,19.5,23.8,19.9,29.7,29.7,17.2,18.4,27.3
1086,16.5,21.5,18.6,27.3,27.4,14.5,17.4,22.8
1087,19,21.2,19.2,27.8,26.7,15.1,17.1,21.5
1088,18.8,26.6,20.6,27.7,28.5,16.9,19.9,24.8
1089,19,21.2,20.5,26.2,24.8,12.9,20,22.7
1090,17.9,22.7,21.5,29.2,27,20.3,18.9,25
1091,19.5,22.4,21.7,31.9,21.4,15.4,18,24.3
1092,20.6,24.3,20.9,32.5,27.9,15.2,19.6,23.9
1093,15.1,23.2,20.4,29.6,26.6,16.9,18.3,25.5
1094,18.6,25,21.6,32,29.3,15.8,19.9,24.9
1095,19.9,25.8,18.9,30.3,25.97,15.8,17.9,23.5
1096,19.1,21.5,18,26.4,22.9,15.5,16.1,22.7
1097,18,22.4,20.8,24.2,24.5,16.5,17.5,24.2
1098,18.7,23.3,20.3,25.9,24.7,17.5,20.2,21.4
1099,20.5,25,19.7,29.7,28.3,15.4,19.1,26.5
1100,12.7,22.4,19.5,29.4,23.1,12.4,6.6,6.6
1101,18.6,24.4,20,27.6,30.2,13.4,6.6,25.7
1102,18.3,23,19.1,27.2,27.1,15.3,18.8,21.5
1103,18.1,21.6,20.6,26.4,24.8,16.1,20,22.5
1104,17.6,23.3,17.9,26.7,25.4,16.7,16.4,21.7
1105,17.9,22.3,18.1,25.2,23.7,14.9,17.1,23.9
1106,17.2,25.5,17,29.4,26.8,15.6,15.7,23.2
1107,18.8,25.2,17.5,27.3,27,14.5,15.6,24.8
1108,19.4,24.1,19.5,29,27.3,15.3,18,25.3
1109,19.6,25.6,18.6,32.3,31.2,16.3,18.3,25.5
1110,19.8,24.8,20.8,36,29.4,8,6.6,16.4
1111,19.8,25.1,21.1,32.6,30.7,6.6,6.6,16.3
1112,15.9,24.4,19,29.2,25.7,17.3,19.2,22.9
1113,17.3,22.9,17.9,27.7,25.9,15.8,19,22.2
1114,18.4,25.9,21.5,33.1,29.7,6.6,6.6,15.4
1115,19.2,27.8,22,31.5,28.2,6.6,6.6,16.6
1116,17.6,22.6,21.3,31.4,26.9,15.1,17,26.7
1117,21.7,24.8,26,33.4,31.3,16.8,20,29.2
1118,18.5,26,24.3,30.4,30.1,16,21.7,25.8
1119,17.6,24.6,19.4,29.5,29.6,15.4,15.9,23.2
1120,17,24,19.5,33.7,27.3,17,17.3,24.4
1121,19.2,24.2,18.3,30.1,26.8,15.7,15.7,25.2
1122,19.9,27.5,20.9,31.1,29.6,6.6,6.6,15.3
1123,17.4,23.9,20.4,31.9,26.5,6.6,6.6,15.3
1124,20.2,25.7,20,30.4,28.2,16,17.6,24.2
1125,19,23.7,18.3,31.3,28.6,15.3,17.8,26.5
1126,19.6,25.4,21.4,28.6,28.4,17,21.4,29.2
1127,18.9,25.4,21.4,30.4,31.7,18.4,21.5,29.2
1128,18.7,28.7,21.4,34,33.3,12.1,6.6,20.7
1129,20.1,26.2,21.9,34.5,31,8.7,6.6,19.6
1130,21,27.1,22.3,34.6,33.6,16.6,20.2,27
1131,21,29.4,24,38.1,34.2,16.2,23,29
1132,18.3,27.9,20.8,34.6,33.4,6.6,6.6,27.8
1133,20.8,29.9,22,35.1,31.8,11.5,6.6,21
1134,17,25.7,20.8,28.7,29.7,16.2,19,26.7
1135,17.8,23.2,20.3,29.7,26.3,10.7,6.6,16
1136,18.9,23,20,32.7,29.4,6.6,6.6,15.3
1137,18.1,20.3,20.5,31.5,24.1,6.6,6.6,13.7
1138,18.3,25.3,20.3,30.9,28.8,17,16.6,25.7
1139,23.3,26.5,27,35.6,31.4,16.3,19.6,27.7
1140,17.7,25.9,22.2,33.7,30.4,7.1,6.6,15
1141,19,25.7,20.3,32,30.1,6.6,6.6,15.25
1142,22.8,28.9,27.7,33,34.3,18.8,21.1,28.2
1143,17.8,26.1,24.3,36.2,31.5,17.5,16.8,27.4
1144,19.4,25.6,22,33.7,29.8,8,6.6,16.2
1145,19.1,24.9,20.7,32.3,29.2,6.6,6.6,18.5
