SampleID,Region2,S,T,CTX,CIP
1,1,0,0,0,0
2,1,0,0,1,0
3,1,0,0,0,0
4,1,0,0,0,0
5,1,0,0,0,0
6,1,0,0,0,0
7,1,0,0,0,0
8,1,0,0,0,0
9,1,0,0,0,0
10,1,0,0,0,0
11,1,0,0,0,0
12,1,0,0,0,0
13,1,0,0,0,0
14,1,0,0,0,0
15,1,0,0,0,0
16,1,0,0,0,0
17,1,0,0,0,0
18,1,0,0,0,0
19,1,0,0,1,0
20,1,0,0,1,0
21,1,1,1,0,0
22,1,1,1,0,0
23,1,0,0,0,0
24,1,1,1,0,0
25,1,0,0,0,0
26,1,1,1,0,0
27,1,1,1,0,0
28,1,1,1,0,0
29,1,1,1,0,0
30,1,1,1,0,0
31,1,1,1,0,0
32,1,1,1,0,0
33,1,1,1,0,0
34,1,0,0,0,0
35,1,1,1,0,0
36,1,1,1,0,0
37,1,0,1,0,0
38,1,0,0,0,0
39,1,0,0,0,0
40,1,1,1,0,0
41,1,1,1,0,0
42,1,0,0,0,0
43,1,0,0,0,0
44,1,0,0,0,0
45,1,0,0,0,0
46,1,0,0,0,0
47,1,1,1,0,0
48,1,1,1,0,0
49,1,1,0,0,0
50,1,0,0,0,0
51,1,0,0,0,0
52,1,0,0,0,0
53,1,0,1,0,0
54,1,1,1,0,0
55,1,0,0,0,0
56,1,0,1,0,0
57,1,1,1,0,0
58,1,0,0,0,0
59,1,0,1,0,0
60,1,0,1,0,0
61,1,0,1,0,0
62,1,0,1,0,0
63,1,1,1,0,0
64,1,0,0,0,0
65,1,0,1,0,0
66,1,0,1,0,0
67,1,0,1,0,0
68,1,0,1,0,0
69,1,0,0,0,0
70,1,0,0,0,0
71,1,0,0,0,0
72,1,0,0,0,0
73,1,0,0,0,0
74,1,0,0,0,0
75,1,0,0,0,0
76,1,0,0,0,0
77,1,0,1,0,0
78,1,0,1,0,0
79,1,0,1,0,0
80,1,0,1,0,0
81,1,0,0,0,0
82,1,0,1,0,0
83,1,0,1,0,0
84,1,0,1,0,0
85,1,0,1,0,0
86,1,0,1,0,0
87,1,0,0,0,0
88,1,0,0,0,0
89,1,0,0,0,0
90,1,0,0,0,0
91,1,0,0,0,0
92,1,0,0,0,0
93,1,0,0,0,0
94,1,0,0,0,0
95,1,0,0,0,0
96,1,0,0,0,0
97,1,0,0,0,0
98,1,0,0,0,0
99,1,0,0,0,0
100,1,0,0,0,0
101,1,0,0,0,0
102,1,0,0,0,0
103,1,0,0,0,0
104,1,1,0,0,0
105,1,0,1,0,0
106,1,0,1,0,0
107,1,0,1,0,0
108,1,0,1,0,0
109,1,0,1,0,0
110,1,0,1,0,0
111,1,0,1,0,0
112,1,1,1,0,0
113,1,0,0,0,0
114,1,0,1,0,0
115,1,0,1,0,0
116,1,0,1,0,0
117,1,0,0,0,0
118,1,0,1,0,0
119,1,0,0,0,0
120,1,0,1,0,0
121,1,0,1,1,0
122,1,0,1,0,0
123,1,0,1,0,0
124,1,1,1,0,0
125,1,1,1,0,0
126,1,1,1,0,0
127,1,0,0,0,0
128,1,1,1,0,0
129,1,0,0,0,0
130,1,0,0,0,0
131,1,0,0,0,0
132,1,0,0,0,0
133,1,0,0,0,0
134,1,0,0,1,0
135,1,0,0,1,0
136,1,1,1,0,0
137,1,0,1,0,0
138,1,0,1,0,0
139,1,0,1,0,0
140,1,0,1,0,0
141,1,0,1,0,0
142,1,0,0,0,0
143,1,0,0,0,0
144,1,0,0,0,0
145,1,0,0,0,0
146,1,0,1,0,0
147,1,0,1,0,0
148,1,0,0,0,0
149,1,0,0,0,0
150,1,0,0,0,0
151,1,0,0,0,0
152,1,0,0,0,0
153,1,0,0,0,0
154,1,0,0,0,0
155,1,0,0,0,0
156,1,0,0,0,0
157,1,0,0,0,0
158,1,0,0,0,0
159,1,0,0,0,0
160,1,0,0,0,0
161,1,0,0,0,0
162,1,0,1,0,0
163,1,0,0,0,0
164,1,0,0,0,0
165,1,0,0,0,0
166,1,0,1,0,0
167,1,0,1,1,0
168,1,0,1,1,0
169,1,0,1,1,0
170,1,1,1,0,0
171,1,1,1,0,0
172,1,1,1,1,0
173,1,0,1,0,0
174,1,0,0,0,0
175,1,0,0,0,0
176,1,1,1,1,0
177,1,1,1,0,0
178,1,1,1,0,0
179,1,1,1,1,0
180,1,0,0,0,0
181,1,0,0,0,0
182,1,1,1,0,0
183,1,1,1,1,0
184,1,0,0,0,0
185,1,0,0,0,0
186,1,0,0,0,0
187,1,0,0,0,0
188,1,0,0,0,0
189,1,0,0,0,0
190,5,0,0,0,0
191,5,0,0,0,0
192,5,0,0,0,0
193,5,0,0,0,0
194,5,0,0,0,1
195,5,0,0,0,0
196,5,0,0,0,0
197,5,0,0,0,0
198,5,0,0,0,0
199,5,0,0,0,0
200,5,0,0,0,0
201,5,0,0,0,0
202,5,0,0,0,0
203,5,0,0,0,0
204,5,0,0,0,0
205,5,0,0,0,0
206,5,0,1,0,0
207,5,0,1,0,0
208,5,1,1,0,0
209,5,1,0,0,1
210,5,0,1,0,0
211,5,0,0,0,0
212,5,0,0,0,0
213,5,0,0,0,0
214,5,0,0,0,0
215,5,1,1,0,0
216,5,0,0,0,0
217,5,0,0,0,0
218,5,0,0,0,0
219,2,0,0,0,0
220,2,0,0,0,0
221,2,0,0,0,0
222,2,0,0,0,0
223,2,1,1,1,0
224,2,1,1,1,0
225,2,1,1,1,0
226,2,1,1,1,0
227,2,1,1,1,0
228,2,1,1,1,0
229,2,0,0,0,0
230,2,1,1,0,0
231,2,1,1,1,0
232,2,0,1,1,0
233,2,1,1,1,0
234,2,1,1,1,0
235,2,0,0,0,0
236,2,0,0,0,0
237,2,1,1,1,0
238,2,1,1,1,0
239,2,1,1,1,0
240,2,1,1,1,0
241,2,1,1,1,0
242,2,1,1,1,0
243,2,0,0,0,0
244,2,0,0,0,0
245,2,1,1,1,0
246,2,1,1,1,0
247,2,1,1,1,0
248,2,1,1,1,0
249,2,1,1,1,0
250,2,1,1,1,0
251,5,0,0,0,0
252,5,0,0,0,0
253,5,0,0,0,0
254,5,0,0,0,0
255,5,0,0,0,0
256,5,0,0,0,0
257,5,0,1,0,0
258,5,0,1,0,0
259,5,1,1,0,0
260,5,1,1,0,0
261,5,0,0,0,0
262,5,0,0,0,0
263,5,0,0,0,0
264,5,0,0,0,0
265,5,0,0,0,0
266,5,0,0,0,0
267,5,0,1,0,0
268,5,0,1,0,0
269,5,0,0,0,0
270,5,0,0,0,0
271,5,1,0,0,0
272,5,1,0,1,0
273,5,0,1,0,0
274,5,0,1,0,0
275,5,0,1,0,0
276,5,0,0,0,0
277,5,1,1,0,0
278,5,1,1,0,0
279,5,0,1,1,0
280,5,1,0,1,0
281,5,0,0,0,0
282,5,1,1,0,0
283,5,0,0,0,0
284,5,0,0,0,0
285,5,0,0,0,0
286,5,0,0,0,0
287,5,1,0,0,0
288,5,1,0,0,0
289,5,1,1,0,0
290,5,1,1,0,0
291,5,1,0,0,0
292,5,1,0,0,0
293,5,1,0,0,0
294,5,1,0,0,0
295,5,0,0,0,0
296,5,0,0,0,0
297,5,1,0,1,0
298,5,1,0,0,0
299,5,1,0,0,0
300,5,1,0,0,0
301,5,1,0,0,0
302,5,1,0,0,0
303,5,0,0,0,0
304,5,0,0,0,0
305,5,0,0,0,0
306,5,0,0,0,0
307,5,0,0,0,0
308,5,0,0,0,0
309,5,0,0,0,0
310,5,0,0,0,0
311,5,1,1,0,0
312,5,0,0,0,0
313,5,0,0,0,0
314,5,0,0,0,0
315,5,0,0,0,0
316,5,0,0,0,0
317,5,1,0,0,0
318,5,1,1,1,0
319,5,0,0,0,0
320,5,0,0,0,0
321,5,0,0,0,0
322,5,0,0,0,0
323,5,0,0,0,0
324,5,0,0,0,0
325,5,0,0,0,0
326,5,0,0,0,0
327,5,0,0,0,0
328,5,0,0,1,0
329,5,0,0,0,0
330,5,0,0,0,0
331,5,0,0,0,0
332,5,0,0,0,0
333,5,1,1,0,0
334,5,1,1,0,0
335,5,1,1,0,0
336,5,1,1,1,0
337,5,1,1,1,0
338,5,1,1,1,0
339,5,1,1,0,0
340,5,1,1,0,0
341,5,1,1,0,0
342,5,1,1,1,0
343,5,1,1,1,0
344,5,1,1,1,0
345,5,0,0,0,0
346,5,0,0,0,0
347,5,0,0,0,0
348,5,0,0,0,0
349,5,0,0,0,0
350,5,0,0,0,0
351,5,0,0,0,0
352,5,0,0,0,0
353,5,0,0,0,0
354,5,0,0,0,0
355,5,0,0,0,0
356,5,0,0,0,0
357,5,0,0,0,0
358,5,0,0,0,0
359,5,0,0,0,0
360,5,0,0,0,0
361,5,1,1,0,0
362,5,1,1,0,0
363,5,0,0,0,0
364,5,0,0,0,0
365,5,1,0,0,0
366,5,0,0,0,0
367,5,0,0,0,0
368,5,0,0,0,0
369,5,0,0,0,0
370,5,0,0,0,0
371,5,1,1,0,0
372,5,0,0,0,0
373,5,0,0,0,0
374,5,0,0,0,0
375,5,0,0,0,0
376,5,0,0,0,0
377,5,0,0,0,0
378,5,0,0,0,0
379,5,0,0,0,0
380,5,0,0,0,0
381,5,0,0,0,0
382,5,0,0,0,0
383,5,0,0,0,0
384,5,0,0,0,0
385,5,0,0,0,0
386,5,0,0,0,0
387,5,0,0,0,0
388,5,0,0,0,0
389,5,0,0,1,0
390,5,1,1,0,0
391,5,1,1,0,0
392,5,0,0,0,0
393,5,0,0,1,0
394,5,0,0,0,0
395,5,0,0,0,0
396,5,0,0,0,0
397,5,0,0,0,0
398,5,0,0,0,0
399,5,0,0,0,0
400,5,0,0,1,0
401,5,0,0,0,0
402,5,0,0,0,0
403,5,0,0,0,0
404,5,1,1,0,0
405,5,0,1,0,0
406,5,0,0,0,0
407,5,1,1,0,0
408,5,0,0,0,0
409,5,1,0,0,0
410,5,0,0,0,0
411,5,1,0,0,0
412,5,0,0,0,0
413,5,0,0,0,0
414,5,0,0,0,0
415,5,0,0,0,0
416,5,0,0,0,0
417,5,0,0,0,0
418,5,0,0,0,0
419,5,0,0,0,0
420,5,1,0,0,0
421,5,1,0,0,0
422,5,0,0,0,0
423,5,0,0,0,0
424,5,0,0,0,0
425,5,0,0,0,0
426,5,0,0,0,0
427,5,0,0,0,0
428,5,0,0,0,0
429,5,0,0,0,0
430,5,0,0,0,0
431,5,0,0,0,0
432,5,0,0,0,0
433,5,0,0,0,0
434,5,0,0,0,0
435,5,0,0,0,0
436,5,0,0,0,0
437,5,0,0,0,0
438,5,0,0,0,0
439,5,0,0,0,0
440,5,0,0,0,0
441,5,0,0,0,0
442,5,0,0,0,0
443,5,1,1,0,0
444,5,0,1,0,0
445,5,0,1,0,0
446,5,0,1,0,0
447,5,0,0,0,0
448,5,0,0,0,0
449,5,0,1,0,0
450,5,0,0,0,0
451,5,0,0,0,0
452,5,0,0,0,0
453,5,0,0,0,0
454,5,0,0,0,0
455,5,1,1,0,0
456,5,0,0,0,0
457,5,0,0,0,0
458,5,0,0,0,0
459,5,1,1,0,0
460,5,0,0,0,0
461,5,0,0,0,0
462,5,0,0,0,0
463,5,0,0,0,0
464,5,0,0,0,0
465,5,0,0,0,0
466,5,0,0,0,0
467,5,0,0,0,0
468,5,0,0,0,0
469,5,0,0,0,0
470,5,0,0,0,0
471,5,0,0,0,0
472,5,0,0,0,0
473,5,0,0,0,0
474,5,0,1,0,0
475,5,1,1,0,0
476,5,0,0,0,0
477,5,0,0,0,0
478,5,0,0,0,0
479,5,0,0,0,0
480,5,0,1,0,0
481,5,0,1,0,0
482,5,0,0,0,0
483,5,0,0,0,0
484,1,1,1,0,0
485,1,1,1,0,0
486,1,0,0,0,0
487,1,0,1,0,0
488,1,0,0,0,0
489,1,1,1,0,0
490,1,1,1,1,0
491,1,1,1,1,0
492,1,1,1,1,0
493,1,1,1,1,0
494,1,0,1,0,0
495,1,1,1,0,0
496,1,1,1,0,0
497,1,1,1,0,0
498,1,1,1,0,0
499,1,0,0,0,0
500,1,0,0,0,0
501,1,0,0,0,0
502,1,1,1,0,0
503,1,0,0,0,0
504,1,0,0,0,0
505,1,0,0,0,0
506,1,0,0,0,0
507,1,0,0,0,0
508,1,1,1,1,0
509,1,1,1,1,0
510,3,0,0,0,0
511,3,0,0,0,0
512,3,0,0,0,0
513,3,0,0,0,0
514,3,0,0,0,0
515,3,0,0,0,0
516,3,0,0,0,0
517,3,0,0,0,0
518,3,0,0,0,0
519,3,0,0,0,0
520,3,0,0,0,0
521,3,0,0,0,0
522,3,0,0,0,0
523,3,0,0,0,0
524,3,1,1,0,0
525,3,1,1,0,0
526,3,0,0,1,1
527,3,0,0,1,1
528,3,0,0,0,0
529,3,0,0,0,0
530,3,0,0,0,0
531,3,0,0,0,0
532,3,0,0,0,0
533,3,0,0,0,0
534,3,1,1,0,0
535,3,0,0,0,0
536,3,0,0,0,0
537,3,0,0,0,0
538,3,0,0,0,0
539,3,1,1,0,0
540,3,0,1,0,0
541,3,0,0,0,0
542,3,1,1,0,0
543,3,1,1,0,0
544,3,1,1,0,0
545,3,1,1,0,0
546,3,1,1,0,0
547,3,1,1,0,0
548,3,1,1,0,0
549,3,0,0,0,0
550,3,1,1,0,0
551,3,1,1,0,0
552,3,1,1,0,0
553,3,1,1,0,0
554,3,1,1,0,0
555,3,1,1,0,0
556,3,1,1,0,0
557,3,1,1,0,0
558,3,0,1,0,0
559,3,0,1,0,0
560,3,1,1,1,0
561,3,1,1,1,0
562,3,1,1,0,0
563,3,1,1,0,0
564,3,0,1,0,0
565,3,0,1,0,0
566,3,1,1,1,0
567,3,1,1,0,0
568,3,0,0,0,0
569,3,0,0,0,0
570,3,1,1,0,0
571,3,1,1,0,0
572,3,1,1,0,0
573,3,1,1,1,0
574,3,0,1,0,0
575,3,0,0,0,0
576,3,1,1,1,0
577,3,1,1,0,0
578,3,1,1,0,0
579,3,1,1,1,0
580,3,1,1,0,0
581,3,0,0,0,0
582,3,1,1,0,0
583,3,1,1,0,0
584,3,1,1,1,0
585,3,1,1,0,0
586,3,0,0,0,0
587,3,0,0,0,0
588,3,0,0,0,0
589,3,0,0,0,0
590,3,1,1,0,0
591,3,1,1,0,0
592,3,1,1,0,0
593,3,1,1,0,0
594,3,1,1,0,0
595,3,0,0,0,0
596,3,1,1,0,0
597,3,1,1,0,0
598,3,1,1,0,0
599,3,1,1,0,0
600,3,0,0,0,0
601,3,0,1,0,0
602,3,1,1,0,0
603,3,1,1,0,0
604,3,1,1,0,0
605,3,1,1,0,0
606,4,0,0,0,0
607,4,0,0,0,0
608,4,0,0,0,0
609,4,0,0,0,0
610,4,0,0,0,0
611,4,0,0,0,0
612,4,0,0,0,0
613,4,0,0,0,0
614,4,0,1,0,0
615,4,0,1,0,0
616,4,0,0,0,0
617,4,0,0,0,0
618,4,0,0,0,0
619,4,0,0,0,0
620,4,0,0,0,0
621,4,0,0,0,0
622,4,0,0,0,0
623,4,0,0,0,0
624,4,0,0,0,0
625,4,0,0,0,0
626,4,0,0,0,0
627,4,0,0,0,0
628,4,0,0,0,0
629,4,0,0,0,0
630,4,0,0,0,0
631,4,0,0,0,0
632,4,0,0,0,0
633,4,0,0,0,0
634,4,0,0,1,0
635,4,0,0,1,0
636,4,0,0,0,0
637,4,0,0,1,0
638,4,1,1,0,0
639,4,1,1,0,0
640,4,0,0,1,0
641,4,0,0,0,0
642,4,0,0,0,0
643,4,0,0,0,0
644,2,0,0,0,0
645,2,0,0,0,0
646,2,0,0,0,0
647,2,0,0,0,0
648,2,0,0,0,0
649,2,0,0,0,0
650,2,0,0,0,0
651,2,1,0,0,0
652,2,1,1,1,0
653,2,1,1,1,0
654,2,1,1,0,0
655,2,1,0,0,0
656,2,1,0,0,0
657,2,1,0,0,0
658,2,1,0,0,0
659,2,1,0,0,0
660,2,1,0,0,0
661,2,0,0,0,0
662,2,0,0,0,0
663,2,0,0,0,0
664,3,0,0,0,0
665,3,0,0,0,0
666,3,0,0,0,0
667,3,0,0,0,0
668,3,0,0,0,0
669,3,0,0,0,0
670,3,0,1,0,0
671,3,0,0,0,0
672,3,1,1,0,0
673,3,0,1,0,0
674,3,1,1,0,0
675,3,1,1,0,0
676,3,0,0,0,0
677,3,0,0,0,0
678,3,1,1,0,0
679,3,1,1,0,0
680,3,1,1,0,0
681,3,0,0,0,0
682,3,0,0,0,0
683,3,0,0,0,0
684,3,0,0,0,0
685,3,0,0,0,0
686,3,0,0,0,0
687,3,0,0,0,0
688,3,0,0,0,0
689,3,0,0,0,0
690,3,0,0,0,0
691,3,0,0,0,0
692,3,0,0,1,0
693,3,0,0,0,0
694,3,0,0,1,0
695,3,0,0,1,0
696,3,0,0,0,0
697,3,0,0,0,0
698,3,0,0,0,0
699,3,0,0,0,0
700,3,0,0,0,0
701,3,0,0,0,0
702,3,0,0,0,0
703,3,0,0,0,0
704,3,0,0,0,0
705,3,0,0,0,0
706,3,0,0,0,0
707,3,0,0,0,0
708,3,0,0,0,0
709,3,0,0,0,0
710,3,0,0,0,0
711,3,0,0,0,0
712,3,0,0,0,0
713,3,0,0,0,0
714,3,0,0,0,0
715,3,0,0,0,0
716,3,1,1,0,0
717,3,0,0,0,0
718,3,0,0,0,0
719,3,1,1,0,0
720,3,0,1,0,0
721,3,1,1,0,0
722,3,1,1,0,0
723,3,1,1,0,0
724,3,1,1,0,0
725,3,0,1,0,0
726,4,0,0,0,0
727,4,0,0,0,0
728,4,0,0,0,0
729,4,0,0,0,0
730,4,1,0,0,0
731,4,1,0,0,0
732,4,1,0,0,0
733,4,0,0,0,0
734,4,0,0,0,0
735,4,1,0,0,0
736,4,1,0,0,0
737,4,1,0,0,0
738,4,1,0,0,0
739,4,1,0,0,0
740,4,1,0,0,0
741,4,1,0,0,0
742,4,0,0,0,0
743,4,0,0,0,0
744,4,0,0,0,0
745,4,0,0,0,0
746,4,0,0,0,0
747,4,0,0,0,0
748,4,0,0,0,0
749,4,0,0,0,0
750,4,0,0,0,0
751,4,0,0,0,0
752,4,0,0,0,0
753,4,1,1,0,0
754,4,1,1,0,0
755,4,1,1,0,0
756,4,1,1,0,0
757,4,0,0,0,0
758,4,1,1,0,0
759,4,0,0,0,0
760,4,0,0,0,0
761,4,0,0,0,0
762,4,0,0,0,0
763,1,0,0,0,0
764,1,0,0,0,0
765,1,1,0,0,0
766,1,0,0,0,0
767,1,0,0,0,0
768,1,0,0,0,0
769,1,0,0,0,0
770,1,0,0,0,0
771,1,0,0,0,0
772,1,0,0,0,0
773,1,0,0,0,0
774,1,0,0,0,0
775,1,1,1,0,0
776,1,0,0,0,0
777,1,0,0,0,0
778,1,0,0,0,0
779,5,0,1,0,0
780,5,0,1,0,0
781,5,0,0,0,0
782,5,0,0,0,0
783,5,1,0,0,0
784,5,1,0,0,0
785,5,0,0,0,0
786,5,0,0,0,0
787,5,0,0,0,0
788,5,0,0,0,0
789,5,1,1,0,0
790,5,0,0,0,0
791,5,1,0,0,0
792,5,1,1,0,0
793,5,1,1,0,0
794,5,0,1,0,0
795,5,0,0,0,0
796,5,1,1,0,0
797,5,1,0,0,0
798,5,1,0,0,0
799,5,1,1,0,0
800,5,1,1,0,0
801,5,1,0,0,0
802,5,1,0,0,0
803,5,1,0,0,0
804,5,1,0,0,0
805,5,0,0,0,0
806,5,0,0,0,0
807,5,1,0,0,0
808,5,1,0,0,0
809,5,1,0,0,0
810,5,1,0,0,0
811,1,0,0,0,0
812,1,0,0,0,0
813,1,0,0,0,0
814,1,0,0,0,0
815,1,0,0,0,0
816,1,0,1,0,0
817,1,0,0,0,0
818,1,0,0,0,0
819,1,0,0,0,0
820,1,1,0,0,0
821,1,0,0,0,0
822,1,0,0,0,0
823,1,0,0,0,0
824,1,0,0,0,0
825,1,0,0,0,0
826,1,0,0,0,0
827,1,0,0,0,0
828,1,0,0,0,0
829,1,0,0,0,0
830,1,0,0,0,0
831,1,0,0,0,0
832,1,0,0,0,0
833,1,0,0,0,0
834,1,0,0,0,0
835,1,1,1,0,0
836,1,1,1,0,0
837,1,1,1,0,0
838,1,1,1,0,0
839,1,0,1,0,0
840,1,0,1,0,0
841,1,1,1,0,0
842,1,1,1,0,0
843,1,0,1,0,0
844,1,0,1,0,0
845,1,0,1,0,0
846,1,0,1,0,0
847,1,1,1,0,0
848,1,1,1,0,0
849,1,0,0,0,0
850,1,0,0,0,0
851,1,0,0,0,0
852,1,0,0,0,0
853,1,0,1,0,0
854,1,0,1,0,0
855,1,0,0,0,0
856,1,0,0,0,0
857,1,0,1,0,0
858,1,0,0,0,0
859,1,1,1,0,0
860,1,0,0,0,0
861,1,0,0,0,0
862,1,0,0,0,0
863,1,0,0,0,0
864,1,0,0,0,0
865,1,0,0,0,0
866,1,0,0,0,0
867,1,0,0,0,0
868,1,0,0,0,0
869,1,0,0,0,0
870,1,0,0,0,0
871,1,0,0,0,0
872,1,0,0,0,0
873,1,1,1,0,0
874,1,1,1,0,0
875,1,0,0,0,0
876,1,0,0,0,0
877,1,1,1,0,0
878,1,1,1,0,0
879,1,1,1,0,0
880,1,1,1,0,0
881,1,0,1,0,0
882,1,1,1,0,0
883,1,0,0,0,0
884,1,0,0,0,0
885,1,0,1,1,0
886,1,0,1,1,0
887,1,0,1,1,0
888,1,0,1,1,0
889,1,0,0,0,0
890,1,0,0,0,0
891,1,0,0,0,0
892,1,0,0,0,0
893,1,0,0,0,0
894,1,0,0,0,0
895,1,0,0,0,0
896,1,0,0,0,0
897,1,1,1,0,0
898,1,1,1,0,0
899,1,1,1,1,0
900,1,1,1,1,0
901,1,1,1,0,0
902,1,1,1,0,0
903,1,0,1,0,0
904,1,0,1,0,0
905,1,0,1,0,0
906,1,0,1,0,0
907,1,1,1,0,0
908,1,1,1,0,0
909,1,0,1,0,0
910,1,0,1,0,0
911,1,0,1,0,0
912,1,1,1,1,0
913,1,0,0,0,0
914,1,0,0,0,0
915,1,0,1,0,0
916,1,1,1,0,0
917,1,0,1,0,0
918,1,0,0,0,0
919,1,0,0,0,0
920,1,0,0,0,0
921,1,0,1,0,0
922,1,0,1,0,0
923,1,1,1,0,0
924,1,1,1,0,0
925,1,0,0,0,0
926,1,0,0,0,0
927,1,0,0,0,0
928,1,1,1,0,0
929,1,1,1,0,0
930,1,1,1,0,0
931,1,1,1,0,0
932,1,1,1,0,0
933,1,0,0,0,0
934,1,1,1,0,0
935,1,1,1,0,0
936,1,1,1,0,0
937,1,0,0,0,0
938,1,0,0,0,0
939,1,1,1,1,0
940,1,1,1,0,0
941,1,1,1,0,0
942,1,1,1,0,0
943,1,1,1,0,0
944,1,0,0,0,0
945,1,1,1,0,0
946,1,1,1,0,0
947,1,1,1,0,0
948,1,0,0,0,0
949,1,0,0,0,0
950,1,0,0,0,0
951,1,0,0,0,0
952,1,0,0,0,0
953,1,0,0,0,0
954,1,0,0,0,0
955,1,0,0,0,0
956,1,0,0,0,0
957,1,0,0,0,0
958,1,0,0,0,0
959,1,1,1,0,0
960,1,0,1,0,0
961,5,0,0,0,0
962,5,0,1,0,0
963,5,1,1,0,0
964,5,0,0,0,0
965,5,0,0,0,0
966,5,0,0,0,0
967,5,0,0,0,0
968,5,0,0,0,0
969,5,0,0,0,0
970,5,0,1,0,0
971,5,0,0,0,0
972,5,0,0,0,0
973,5,0,0,0,0
974,5,0,0,0,0
975,5,0,0,0,0
976,5,1,0,0,0
977,5,0,0,0,0
978,5,0,0,0,0
979,5,0,0,0,0
980,5,0,0,0,0
981,5,0,0,0,0
982,5,0,0,0,0
983,5,1,0,0,0
984,5,1,0,0,0
985,5,0,0,0,0
986,5,0,0,0,0
987,5,0,0,0,0
988,5,0,0,0,0
989,5,1,1,0,0
990,5,1,1,0,0
991,5,0,0,0,0
992,5,0,0,0,0
993,5,1,1,0,0
994,5,1,1,0,0
995,5,1,1,0,0
996,5,1,1,0,0
997,5,1,1,0,0
998,5,1,1,0,0
999,5,1,1,0,0
1000,5,1,1,0,0
1001,5,1,1,0,0
1002,5,0,0,0,0
1003,5,1,1,0,0
1004,5,1,1,1,0
1005,5,1,1,1,0
1006,5,1,1,1,0
1007,5,1,1,1,0
1008,5,0,0,0,0
1009,5,0,0,0,0
1010,5,1,1,0,0
1011,5,1,1,0,0
1012,5,1,1,0,0
1013,5,1,1,0,0
1014,5,0,0,0,0
1015,5,0,0,0,0
1016,5,1,1,0,0
1017,5,1,1,0,0
1018,5,1,1,0,0
1019,5,1,1,0,0
1020,5,0,0,0,0
1021,5,0,0,0,0
1022,5,1,1,0,0
1023,5,1,1,0,0
1024,5,1,1,0,0
1025,5,1,1,0,0
1026,5,0,0,0,0
1027,5,0,0,0,0
1028,5,0,0,0,0
1029,5,0,0,0,0
1030,5,0,0,0,0
1031,5,0,0,0,0
1032,5,0,0,0,0
1033,5,0,0,0,0
1034,5,0,0,0,0
1035,5,0,0,0,0
1036,5,0,1,0,0
1037,5,0,1,0,0
1038,5,1,1,0,1
1039,5,0,0,0,0
1040,5,0,0,0,0
1041,5,0,0,0,0
1042,5,0,0,0,0
1043,5,0,0,0,0
1044,5,0,0,0,0
1045,5,1,1,0,0
1046,5,0,0,0,0
1047,5,0,1,0,0
1048,5,0,0,0,0
1049,5,0,1,0,0
1050,5,0,1,0,0
1051,5,0,0,0,0
1052,5,0,0,0,0
1053,5,0,1,0,0
1054,5,0,1,0,0
1055,5,0,1,0,0
1056,5,1,1,0,0
1057,5,0,1,0,0
1058,5,0,0,0,0
1059,5,0,1,0,0
1060,5,0,1,0,0
1061,5,0,0,0,0
1062,1,0,0,0,0
1063,1,0,0,0,0
1064,1,0,0,0,0
1065,1,0,0,0,0
1066,1,0,0,0,0
1067,1,0,0,0,0
1068,1,0,0,0,0
1069,1,0,0,0,0
1070,1,0,0,0,0
1071,1,0,0,0,0
1072,1,0,0,0,0
1073,1,0,0,0,0
1074,1,0,0,0,0
1075,1,0,0,0,0
1076,1,0,0,0,0
1077,1,0,0,0,0
1078,1,0,0,0,0
1079,1,0,0,0,0
1080,1,0,0,0,0
1081,1,1,1,0,0
1082,1,1,1,0,0
1083,1,1,1,0,0
1084,1,0,0,0,0
1085,1,1,1,0,0
1086,1,0,0,0,0
1087,1,1,1,0,0
1088,1,0,0,0,0
1089,1,0,1,0,0
1090,1,0,1,0,0
1091,1,0,1,0,0
1092,5,0,0,0,0
1093,5,0,0,0,1
1094,5,0,0,0,0
1095,5,0,0,0,0
1096,5,0,0,0,0
1097,5,0,0,0,0
1098,5,0,0,0,0
1099,5,0,0,0,0
1100,5,1,0,0,0
1101,5,1,0,0,0
1102,5,1,1,0,0
1103,5,0,0,0,0
1104,5,0,0,0,0
1105,5,0,0,0,0
1106,5,0,0,0,0
1107,5,1,0,0,0
1108,5,0,0,0,0
1109,5,1,0,0,0
1110,5,0,0,0,0
1111,5,1,1,0,0
1112,5,1,1,0,0
1113,5,1,1,0,0
1114,5,1,0,0,0
1115,5,1,1,0,0
1116,5,1,1,0,0
1117,5,1,1,0,0
1118,5,1,1,0,0
1119,5,0,0,0,0
1120,5,0,0,0,0
1121,5,0,0,0,0
1122,5,0,0,0,0
1123,5,1,1,0,0
1124,5,0,0,0,0
1125,5,1,0,0,0
1126,5,1,0,0,0
1127,5,1,0,1,0
1128,5,1,0,1,0
1129,5,1,0,0,0
1130,5,1,1,0,0
1131,5,1,0,1,0
1132,5,1,0,1,0
1133,5,1,0,1,0
1134,5,1,0,0,0
1135,5,1,1,0,0
1136,5,1,1,0,0
1137,5,1,0,1,0
1138,5,1,0,1,0
1139,5,1,0,1,0
1140,5,1,0,0,0
1141,5,1,1,0,0
1142,5,1,1,0,0
1143,5,1,0,0,0
1144,5,1,0,1,0
1145,5,1,0,1,0
1146,5,1,0,0,0
1147,5,1,1,0,0
1148,5,0,0,0,0
1149,5,0,0,0,0
1150,5,1,0,1,0
1151,5,1,0,1,0
1152,5,1,0,0,0
1153,5,1,0,0,0
1154,5,0,1,0,0
1155,5,0,0,0,0
1156,5,0,0,0,0
1157,5,0,0,0,0
1158,5,1,1,0,0
1159,5,0,0,0,0
1160,5,0,1,0,0
1161,5,0,1,0,0
1162,5,1,1,0,0
1163,5,1,1,0,0
1164,5,0,1,0,0
1165,5,1,1,0,0
1166,5,0,0,0,0
1167,5,1,1,0,0
1168,5,1,1,0,0
1169,5,0,0,0,0
1170,5,1,1,0,0
1171,5,1,1,0,0
1172,5,1,1,0,0
1173,5,0,1,0,0
1174,5,0,0,0,0
1175,5,1,1,0,0
1176,5,1,1,0,0
1177,5,1,1,0,0
1178,5,1,1,0,0
1179,5,0,1,0,0
1180,5,0,0,0,0
1181,5,1,1,0,0
1182,5,1,1,0,0
1183,5,1,1,0,0
1184,5,1,1,1,0
1185,5,1,1,1,0
1186,5,0,1,0,0
1187,5,1,1,0,0
1188,5,1,1,1,0
1189,5,1,0,0,0
1190,5,1,1,0,0
1191,5,0,0,0,0
1192,5,0,0,0,0
1193,5,1,1,0,0
1194,5,1,1,0,0
1195,5,1,1,1,0
1196,5,1,1,1,0
1197,5,1,1,0,0
1198,5,0,0,0,0
1199,5,1,1,1,0
1200,5,1,1,1,0
1201,5,1,1,0,0
1202,5,1,1,0,0
1203,5,0,1,0,0
1204,5,0,0,0,0
1205,5,1,1,0,0
1206,5,1,1,0,0
1207,5,1,1,0,0
1208,5,1,1,0,0
1209,5,0,1,0,0
1210,5,0,0,0,0
1211,5,1,1,0,0
1212,5,1,1,0,0
1213,5,1,1,0,0
1214,5,1,1,0,0
1215,2,0,0,0,0
1216,2,0,0,0,0
1217,2,1,0,0,0
1218,2,1,0,0,0
1219,2,1,0,0,0
1220,2,1,0,0,0
1221,2,0,0,0,0
1222,2,0,0,0,0
1223,2,0,0,0,0
1224,2,1,1,0,0
1225,2,1,0,0,0
1226,2,1,0,0,0
1227,2,1,0,0,0
1228,2,1,0,0,0
1229,2,0,0,0,0
1230,2,0,0,0,0
1231,2,0,0,0,0
1232,2,0,0,0,0
1233,2,1,1,0,0
1234,2,0,0,0,0
1235,2,1,0,0,0
1236,2,1,0,0,0
1237,2,1,0,0,0
1238,2,1,0,0,0
1239,2,1,1,0,0
1240,2,1,1,0,0
1241,2,0,0,0,0
1242,2,0,0,0,0
1243,2,1,0,0,0
1244,2,1,0,0,0
1245,2,0,0,0,0
1246,2,0,0,0,0
1247,2,1,0,0,0
1248,2,0,0,0,0
1249,2,1,0,0,0
1250,2,1,0,0,0
1251,2,1,0,0,0
1252,2,1,0,0,0
1253,2,0,0,0,0
1254,2,0,0,0,0
1255,2,1,1,0,0
1256,2,0,0,0,0
1257,2,1,0,0,0
1258,2,1,0,0,0
1259,2,1,0,0,0
1260,2,1,0,0,0
1261,2,1,0,0,0
1262,2,1,0,0,0
1263,2,1,0,0,0
1264,2,1,0,0,0
1265,2,1,0,0,0
1266,2,1,0,0,0
1267,2,1,1,0,0
1268,2,1,1,0,0
1269,2,1,0,0,0
1270,2,1,0,0,0
1271,2,1,0,1,0
1272,2,1,0,1,0
1273,4,0,0,0,0
1274,4,1,0,0,0
1275,4,0,0,1,0
1276,4,1,0,0,0
1277,4,0,0,0,0
1278,4,0,0,0,0
1279,4,0,0,0,0
1280,4,0,0,0,0
1281,4,0,0,0,0
1282,4,0,0,0,0
1283,4,0,0,0,0
1284,4,0,0,0,0
1285,4,0,0,0,0
1286,4,0,0,0,0
1287,4,1,0,0,0
1288,4,0,0,0,0
1289,4,0,0,0,0
1290,4,1,1,0,0
1291,4,0,0,0,0
1292,4,1,1,0,0
1293,4,0,0,0,0
1294,4,1,1,0,0
1295,4,0,0,0,0
1296,4,0,0,0,0
1297,4,0,0,0,0
1298,4,0,0,0,0
1299,4,1,1,0,0
1300,4,1,1,0,0
1301,4,1,1,0,0
1302,4,0,0,0,0
1303,4,0,0,0,0
1304,4,0,0,0,0
1305,4,1,1,0,0
1306,4,1,1,0,0
1307,4,1,1,0,0
1308,4,0,0,0,0
1309,4,1,1,0,0
1310,4,0,0,0,0
1311,4,0,0,0,0
1312,4,0,0,0,0
1313,4,0,0,0,0
1314,4,1,1,0,0
1315,4,1,1,0,0
1316,3,0,0,0,0
1317,3,0,0,0,0
1318,3,0,0,0,0
1319,3,0,0,0,0
1320,3,0,0,0,0
1321,3,0,0,0,0
1322,3,0,0,0,0
1323,3,0,0,0,0
1324,3,0,0,0,0
1325,3,0,0,0,0
1326,3,0,0,0,0
1327,3,0,0,0,0
1328,3,1,0,0,0
1329,3,0,0,0,0
1330,3,0,0,0,0
1331,3,0,0,0,0
1332,3,0,0,0,0
1333,3,0,0,0,0
1334,3,0,0,0,0
1335,3,1,1,0,0
1336,3,1,1,1,0
1337,3,1,1,1,0
1338,3,1,1,1,0
1339,3,1,1,1,0
1340,3,0,0,0,0
1341,3,1,1,0,0
1342,3,1,1,1,0
1343,3,1,1,1,0
1344,3,1,1,1,0
1345,3,1,1,1,0
1346,3,1,1,1,0
1347,3,0,0,0,0
1348,3,1,1,1,0
1349,3,1,1,1,0
1350,3,0,0,0,0
1351,3,1,1,0,0
1352,3,1,1,1,0
1353,3,1,1,1,0
1354,3,1,1,1,0
1355,3,1,1,1,0
1356,3,0,0,0,0
1357,3,0,0,0,0
1358,3,0,0,0,0
1359,3,0,0,0,0
1360,3,0,0,0,0
1361,3,0,0,0,0
1362,3,0,0,0,0
1363,3,0,0,0,0
1364,3,0,0,0,0
1365,3,1,1,0,0
1366,3,1,1,0,0
1367,3,1,1,0,0
1368,3,1,1,0,0
1369,3,0,0,0,0
1370,3,0,0,0,0
1371,3,0,0,0,0
1372,3,0,0,0,0
1373,3,0,0,0,0
1374,3,0,0,0,0
1375,3,0,0,0,0
1376,3,0,0,0,0
1377,3,1,1,0,0
1378,3,1,1,0,0
1379,3,1,1,0,0
1380,3,1,1,0,0
1381,3,0,0,0,0
1382,3,0,1,0,0
1383,3,0,1,0,0
1384,3,1,1,0,0
1385,3,1,1,0,0
1386,3,1,1,0,0
1387,3,0,0,0,0
1388,3,1,1,0,0
